Provinsi,Kelompok,Subkelompok,IHK_RataRata_2025
Sumatera Utara,"Rekreasi, Olahraga dan Budaya",Layanan Kebudayaan,125.020833
Sumatera Barat,"Rekreasi, Olahraga dan Budaya",Layanan Kebudayaan,122.881667
Riau,"Rekreasi, Olahraga dan Budaya",Layanan Kebudayaan,100.0
Jambi,"Rekreasi, Olahraga dan Budaya",Layanan Kebudayaan,108.74
Sumatera Selatan,"Rekreasi, Olahraga dan Budaya",Layanan Kebudayaan,107.138333
Bengkulu,"Rekreasi, Olahraga dan Budaya",Layanan Kebudayaan,122.995
Lampung,"Rekreasi, Olahraga dan Budaya",Layanan Kebudayaan,106.99
Kepulauan Riau,"Rekreasi, Olahraga dan Budaya",Layanan Kebudayaan,111.43
Dki Jakarta,"Rekreasi, Olahraga dan Budaya",Layanan Kebudayaan,105.078333
Jawa Barat,"Rekreasi, Olahraga dan Budaya",Layanan Kebudayaan,107.508333
Jawa Tengah,"Rekreasi, Olahraga dan Budaya",Layanan Kebudayaan,108.558333
Di Yogyakarta,"Rekreasi, Olahraga dan Budaya",Layanan Kebudayaan,106.43
Jawa Timur,"Rekreasi, Olahraga dan Budaya",Layanan Kebudayaan,107.084167
Banten,"Rekreasi, Olahraga dan Budaya",Layanan Kebudayaan,109.843333
Bali,"Rekreasi, Olahraga dan Budaya",Layanan Kebudayaan,109.033333
Nusa Tenggara Barat,"Rekreasi, Olahraga dan Budaya",Layanan Kebudayaan,101.095833
Nusa Tenggara Timur,"Rekreasi, Olahraga dan Budaya",Layanan Kebudayaan,100.0
Kalimantan Barat,"Rekreasi, Olahraga dan Budaya",Layanan Kebudayaan,110.029167
Kalimantan Tengah,"Rekreasi, Olahraga dan Budaya",Layanan Kebudayaan,113.5375
Kalimantan Selatan,"Rekreasi, Olahraga dan Budaya",Layanan Kebudayaan,117.65
Kalimantan Timur,"Rekreasi, Olahraga dan Budaya",Layanan Kebudayaan,105.16
Sulawesi Utara,"Rekreasi, Olahraga dan Budaya",Layanan Kebudayaan,110.79
Sulawesi Tengah,"Rekreasi, Olahraga dan Budaya",Layanan Kebudayaan,111.590833
Sulawesi Selatan,"Rekreasi, Olahraga dan Budaya",Layanan Kebudayaan,112.3825
Sulawesi Tenggara,"Rekreasi, Olahraga dan Budaya",Layanan Kebudayaan,101.904167
Gorontalo,"Rekreasi, Olahraga dan Budaya",Layanan Kebudayaan,146.21
Maluku,"Rekreasi, Olahraga dan Budaya",Layanan Kebudayaan,126.659167
Maluku Utara,"Rekreasi, Olahraga dan Budaya",Layanan Kebudayaan,100.0
Papua Barat,"Rekreasi, Olahraga dan Budaya",Layanan Kebudayaan,100.0
Papua Barat Daya,"Rekreasi, Olahraga dan Budaya",Layanan Kebudayaan,128.57
Papua,"Rekreasi, Olahraga dan Budaya",Layanan Kebudayaan,100.0
Aceh,Kesehatan,Jasa Kesehatan Lainnya,116.338333
Sumatera Utara,Kesehatan,Jasa Kesehatan Lainnya,112.635
Sumatera Barat,Kesehatan,Jasa Kesehatan Lainnya,103.5875
Riau,Kesehatan,Jasa Kesehatan Lainnya,103.79
Sumatera Selatan,Kesehatan,Jasa Kesehatan Lainnya,111.430833
Bengkulu,Kesehatan,Jasa Kesehatan Lainnya,108.415
Lampung,Kesehatan,Jasa Kesehatan Lainnya,111.57
Kepulauan Bangka Belitung,Kesehatan,Jasa Kesehatan Lainnya,116.345833
Kepulauan Riau,Kesehatan,Jasa Kesehatan Lainnya,101.96
Dki Jakarta,Kesehatan,Jasa Kesehatan Lainnya,105.903333
Jawa Barat,Kesehatan,Jasa Kesehatan Lainnya,104.2375
Jawa Tengah,Kesehatan,Jasa Kesehatan Lainnya,107.131667
Di Yogyakarta,Kesehatan,Jasa Kesehatan Lainnya,108.416667
Jawa Timur,Kesehatan,Jasa Kesehatan Lainnya,113.4475
Banten,Kesehatan,Jasa Kesehatan Lainnya,105.7225
Bali,Kesehatan,Jasa Kesehatan Lainnya,105.8625
Nusa Tenggara Barat,Kesehatan,Jasa Kesehatan Lainnya,109.023333
Nusa Tenggara Timur,Kesehatan,Jasa Kesehatan Lainnya,101.310833
Kalimantan Barat,Kesehatan,Jasa Kesehatan Lainnya,102.714167
Kalimantan Tengah,Kesehatan,Jasa Kesehatan Lainnya,110.89
Kalimantan Selatan,Kesehatan,Jasa Kesehatan Lainnya,103.425
Kalimantan Timur,Kesehatan,Jasa Kesehatan Lainnya,109.36
Sulawesi Utara,Kesehatan,Jasa Kesehatan Lainnya,104.3
Sulawesi Tengah,Kesehatan,Jasa Kesehatan Lainnya,103.41
Sulawesi Selatan,Kesehatan,Jasa Kesehatan Lainnya,107.3275
Sulawesi Tenggara,Kesehatan,Jasa Kesehatan Lainnya,108.82
Gorontalo,Kesehatan,Jasa Kesehatan Lainnya,107.9
Sulawesi Barat,Kesehatan,Jasa Kesehatan Lainnya,107.72
Maluku,Kesehatan,Jasa Kesehatan Lainnya,134.469167
Maluku Utara,Kesehatan,Jasa Kesehatan Lainnya,100.0
Papua Barat,Kesehatan,Jasa Kesehatan Lainnya,100.0
Papua Barat Daya,Kesehatan,Jasa Kesehatan Lainnya,112.868333
Papua,Kesehatan,Jasa Kesehatan Lainnya,136.945833
Papua Selatan,Kesehatan,Jasa Kesehatan Lainnya,110.94
Papua Tengah,Kesehatan,Jasa Kesehatan Lainnya,142.158333
Aceh,Pendidikan,Pendidikan Lainnya,103.3575
Sumatera Utara,Pendidikan,Pendidikan Lainnya,102.169167
Sumatera Barat,Pendidikan,Pendidikan Lainnya,103.23
Riau,Pendidikan,Pendidikan Lainnya,110.151667
Jambi,Pendidikan,Pendidikan Lainnya,106.46
Sumatera Selatan,Pendidikan,Pendidikan Lainnya,115.581667
Bengkulu,Pendidikan,Pendidikan Lainnya,111.026667
Lampung,Pendidikan,Pendidikan Lainnya,105.135
Kepulauan Bangka Belitung,Pendidikan,Pendidikan Lainnya,105.260833
Kepulauan Riau,Pendidikan,Pendidikan Lainnya,103.096667
Dki Jakarta,Pendidikan,Pendidikan Lainnya,115.915
Jawa Barat,Pendidikan,Pendidikan Lainnya,110.069167
Jawa Tengah,Pendidikan,Pendidikan Lainnya,106.361667
Di Yogyakarta,Pendidikan,Pendidikan Lainnya,104.0775
Jawa Timur,Pendidikan,Pendidikan Lainnya,107.2225
Banten,Pendidikan,Pendidikan Lainnya,109.8775
Bali,Pendidikan,Pendidikan Lainnya,114.496667
Nusa Tenggara Barat,Pendidikan,Pendidikan Lainnya,113.298333
Nusa Tenggara Timur,Pendidikan,Pendidikan Lainnya,103.21
Kalimantan Barat,Pendidikan,Pendidikan Lainnya,109.730833
Kalimantan Tengah,Pendidikan,Pendidikan Lainnya,107.995
Kalimantan Selatan,Pendidikan,Pendidikan Lainnya,104.53
Kalimantan Timur,Pendidikan,Pendidikan Lainnya,111.3525
Kalimantan Utara,Pendidikan,Pendidikan Lainnya,102.103333
Sulawesi Utara,Pendidikan,Pendidikan Lainnya,119.44
Sulawesi Tengah,Pendidikan,Pendidikan Lainnya,111.1
Sulawesi Selatan,Pendidikan,Pendidikan Lainnya,109.035833
Sulawesi Tenggara,Pendidikan,Pendidikan Lainnya,124.510833
Gorontalo,Pendidikan,Pendidikan Lainnya,105.308333
Sulawesi Barat,Pendidikan,Pendidikan Lainnya,100.0
Maluku,Pendidikan,Pendidikan Lainnya,108.408333
Maluku Utara,Pendidikan,Pendidikan Lainnya,100.65
Papua Barat,Pendidikan,Pendidikan Lainnya,105.78
Papua Barat Daya,Pendidikan,Pendidikan Lainnya,111.8425
Papua,Pendidikan,Pendidikan Lainnya,100.0
Papua Selatan,Pendidikan,Pendidikan Lainnya,108.2
Aceh,"Rekreasi, Olahraga dan Budaya",Barang Rekreasi Lainnya dan Olahraga,107.578333
Sumatera Utara,"Rekreasi, Olahraga dan Budaya",Barang Rekreasi Lainnya dan Olahraga,102.711667
Sumatera Barat,"Rekreasi, Olahraga dan Budaya",Barang Rekreasi Lainnya dan Olahraga,103.020833
Riau,"Rekreasi, Olahraga dan Budaya",Barang Rekreasi Lainnya dan Olahraga,99.266667
Jambi,"Rekreasi, Olahraga dan Budaya",Barang Rekreasi Lainnya dan Olahraga,102.879167
Sumatera Selatan,"Rekreasi, Olahraga dan Budaya",Barang Rekreasi Lainnya dan Olahraga,106.9475
Bengkulu,"Rekreasi, Olahraga dan Budaya",Barang Rekreasi Lainnya dan Olahraga,104.225
Lampung,"Rekreasi, Olahraga dan Budaya",Barang Rekreasi Lainnya dan Olahraga,110.449167
Kepulauan Bangka Belitung,"Rekreasi, Olahraga dan Budaya",Barang Rekreasi Lainnya dan Olahraga,100.165833
Kepulauan Riau,"Rekreasi, Olahraga dan Budaya",Barang Rekreasi Lainnya dan Olahraga,100.615833
Dki Jakarta,"Rekreasi, Olahraga dan Budaya",Barang Rekreasi Lainnya dan Olahraga,99.741667
Jawa Barat,"Rekreasi, Olahraga dan Budaya",Barang Rekreasi Lainnya dan Olahraga,105.104167
Jawa Tengah,"Rekreasi, Olahraga dan Budaya",Barang Rekreasi Lainnya dan Olahraga,101.8125
Di Yogyakarta,"Rekreasi, Olahraga dan Budaya",Barang Rekreasi Lainnya dan Olahraga,104.2825
Jawa Timur,"Rekreasi, Olahraga dan Budaya",Barang Rekreasi Lainnya dan Olahraga,103.8775
Banten,"Rekreasi, Olahraga dan Budaya",Barang Rekreasi Lainnya dan Olahraga,105.515833
Bali,"Rekreasi, Olahraga dan Budaya",Barang Rekreasi Lainnya dan Olahraga,112.0675
Nusa Tenggara Barat,"Rekreasi, Olahraga dan Budaya",Barang Rekreasi Lainnya dan Olahraga,102.4475
Nusa Tenggara Timur,"Rekreasi, Olahraga dan Budaya",Barang Rekreasi Lainnya dan Olahraga,99.56
Kalimantan Barat,"Rekreasi, Olahraga dan Budaya",Barang Rekreasi Lainnya dan Olahraga,100.195833
Kalimantan Tengah,"Rekreasi, Olahraga dan Budaya",Barang Rekreasi Lainnya dan Olahraga,103.296667
Kalimantan Selatan,"Rekreasi, Olahraga dan Budaya",Barang Rekreasi Lainnya dan Olahraga,100.696667
Kalimantan Timur,"Rekreasi, Olahraga dan Budaya",Barang Rekreasi Lainnya dan Olahraga,104.091667
Kalimantan Utara,"Rekreasi, Olahraga dan Budaya",Barang Rekreasi Lainnya dan Olahraga,97.609167
Sulawesi Utara,"Rekreasi, Olahraga dan Budaya",Barang Rekreasi Lainnya dan Olahraga,101.3975
Sulawesi Tengah,"Rekreasi, Olahraga dan Budaya",Barang Rekreasi Lainnya dan Olahraga,102.066667
Sulawesi Selatan,"Rekreasi, Olahraga dan Budaya",Barang Rekreasi Lainnya dan Olahraga,103.07
Sulawesi Tenggara,"Rekreasi, Olahraga dan Budaya",Barang Rekreasi Lainnya dan Olahraga,106.673333
Gorontalo,"Rekreasi, Olahraga dan Budaya",Barang Rekreasi Lainnya dan Olahraga,99.029167
Sulawesi Barat,"Rekreasi, Olahraga dan Budaya",Barang Rekreasi Lainnya dan Olahraga,108.4375
Maluku,"Rekreasi, Olahraga dan Budaya",Barang Rekreasi Lainnya dan Olahraga,104.696667
Maluku Utara,"Rekreasi, Olahraga dan Budaya",Barang Rekreasi Lainnya dan Olahraga,107.66
Papua Barat,"Rekreasi, Olahraga dan Budaya",Barang Rekreasi Lainnya dan Olahraga,107.771667
Papua Barat Daya,"Rekreasi, Olahraga dan Budaya",Barang Rekreasi Lainnya dan Olahraga,105.01
Papua,"Rekreasi, Olahraga dan Budaya",Barang Rekreasi Lainnya dan Olahraga,107.24
Papua Tengah,"Rekreasi, Olahraga dan Budaya",Barang Rekreasi Lainnya dan Olahraga,107.22
Aceh,"Perumahan, Air, Listrik dan Bahan Bakar Rumah",Penyediaan Air dan Layanan Perumahan Lainnya,127.02
Sumatera Utara,"Perumahan, Air, Listrik dan Bahan Bakar Rumah",Penyediaan Air dan Layanan Perumahan Lainnya,100.9875
Sumatera Barat,"Perumahan, Air, Listrik dan Bahan Bakar Rumah",Penyediaan Air dan Layanan Perumahan Lainnya,116.4375
Riau,"Perumahan, Air, Listrik dan Bahan Bakar Rumah",Penyediaan Air dan Layanan Perumahan Lainnya,107.595
Jambi,"Perumahan, Air, Listrik dan Bahan Bakar Rumah",Penyediaan Air dan Layanan Perumahan Lainnya,109.281667
Sumatera Selatan,"Perumahan, Air, Listrik dan Bahan Bakar Rumah",Penyediaan Air dan Layanan Perumahan Lainnya,112.86
Bengkulu,"Perumahan, Air, Listrik dan Bahan Bakar Rumah",Penyediaan Air dan Layanan Perumahan Lainnya,101.26
Lampung,"Perumahan, Air, Listrik dan Bahan Bakar Rumah",Penyediaan Air dan Layanan Perumahan Lainnya,111.92
Kepulauan Bangka Belitung,"Perumahan, Air, Listrik dan Bahan Bakar Rumah",Penyediaan Air dan Layanan Perumahan Lainnya,104.25
Kepulauan Riau,"Perumahan, Air, Listrik dan Bahan Bakar Rumah",Penyediaan Air dan Layanan Perumahan Lainnya,100.0
Dki Jakarta,"Perumahan, Air, Listrik dan Bahan Bakar Rumah",Penyediaan Air dan Layanan Perumahan Lainnya,127.173333
Jawa Barat,"Perumahan, Air, Listrik dan Bahan Bakar Rumah",Penyediaan Air dan Layanan Perumahan Lainnya,106.53
Jawa Tengah,"Perumahan, Air, Listrik dan Bahan Bakar Rumah",Penyediaan Air dan Layanan Perumahan Lainnya,104.544167
Di Yogyakarta,"Perumahan, Air, Listrik dan Bahan Bakar Rumah",Penyediaan Air dan Layanan Perumahan Lainnya,103.401667
Jawa Timur,"Perumahan, Air, Listrik dan Bahan Bakar Rumah",Penyediaan Air dan Layanan Perumahan Lainnya,105.955833
Banten,"Perumahan, Air, Listrik dan Bahan Bakar Rumah",Penyediaan Air dan Layanan Perumahan Lainnya,101.12
Bali,"Perumahan, Air, Listrik dan Bahan Bakar Rumah",Penyediaan Air dan Layanan Perumahan Lainnya,104.53
Nusa Tenggara Barat,"Perumahan, Air, Listrik dan Bahan Bakar Rumah",Penyediaan Air dan Layanan Perumahan Lainnya,107.23
Nusa Tenggara Timur,"Perumahan, Air, Listrik dan Bahan Bakar Rumah",Penyediaan Air dan Layanan Perumahan Lainnya,100.19
Kalimantan Barat,"Perumahan, Air, Listrik dan Bahan Bakar Rumah",Penyediaan Air dan Layanan Perumahan Lainnya,100.93
Kalimantan Tengah,"Perumahan, Air, Listrik dan Bahan Bakar Rumah",Penyediaan Air dan Layanan Perumahan Lainnya,100.48
Kalimantan Selatan,"Perumahan, Air, Listrik dan Bahan Bakar Rumah",Penyediaan Air dan Layanan Perumahan Lainnya,107.35
Kalimantan Timur,"Perumahan, Air, Listrik dan Bahan Bakar Rumah",Penyediaan Air dan Layanan Perumahan Lainnya,101.08
Kalimantan Utara,"Perumahan, Air, Listrik dan Bahan Bakar Rumah",Penyediaan Air dan Layanan Perumahan Lainnya,106.799167
Sulawesi Utara,"Perumahan, Air, Listrik dan Bahan Bakar Rumah",Penyediaan Air dan Layanan Perumahan Lainnya,100.17
Sulawesi Tengah,"Perumahan, Air, Listrik dan Bahan Bakar Rumah",Penyediaan Air dan Layanan Perumahan Lainnya,102.019167
Sulawesi Selatan,"Perumahan, Air, Listrik dan Bahan Bakar Rumah",Penyediaan Air dan Layanan Perumahan Lainnya,101.0925
Sulawesi Tenggara,"Perumahan, Air, Listrik dan Bahan Bakar Rumah",Penyediaan Air dan Layanan Perumahan Lainnya,100.0
Gorontalo,"Perumahan, Air, Listrik dan Bahan Bakar Rumah",Penyediaan Air dan Layanan Perumahan Lainnya,106.42
Sulawesi Barat,"Perumahan, Air, Listrik dan Bahan Bakar Rumah",Penyediaan Air dan Layanan Perumahan Lainnya,100.0
Maluku,"Perumahan, Air, Listrik dan Bahan Bakar Rumah",Penyediaan Air dan Layanan Perumahan Lainnya,102.773333
Maluku Utara,"Perumahan, Air, Listrik dan Bahan Bakar Rumah",Penyediaan Air dan Layanan Perumahan Lainnya,100.0
Papua Barat,"Perumahan, Air, Listrik dan Bahan Bakar Rumah",Penyediaan Air dan Layanan Perumahan Lainnya,100.0
Papua Barat Daya,"Perumahan, Air, Listrik dan Bahan Bakar Rumah",Penyediaan Air dan Layanan Perumahan Lainnya,100.0
Papua,"Perumahan, Air, Listrik dan Bahan Bakar Rumah",Penyediaan Air dan Layanan Perumahan Lainnya,100.35
Papua Selatan,"Perumahan, Air, Listrik dan Bahan Bakar Rumah",Penyediaan Air dan Layanan Perumahan Lainnya,102.79
Papua Tengah,"Perumahan, Air, Listrik dan Bahan Bakar Rumah",Penyediaan Air dan Layanan Perumahan Lainnya,100.0
Aceh,"Perlengkapan, Peralatan dan Pemeliharaan Rutin Rumah Tangga",Barang Pecah Belah dan Peralatan Makan Minum,110.126667
Sumatera Utara,"Perlengkapan, Peralatan dan Pemeliharaan Rutin Rumah Tangga",Barang Pecah Belah dan Peralatan Makan Minum,103.800833
Sumatera Barat,"Perlengkapan, Peralatan dan Pemeliharaan Rutin Rumah Tangga",Barang Pecah Belah dan Peralatan Makan Minum,107.795833
Riau,"Perlengkapan, Peralatan dan Pemeliharaan Rutin Rumah Tangga",Barang Pecah Belah dan Peralatan Makan Minum,101.944167
Jambi,"Perlengkapan, Peralatan dan Pemeliharaan Rutin Rumah Tangga",Barang Pecah Belah dan Peralatan Makan Minum,105.5475
Sumatera Selatan,"Perlengkapan, Peralatan dan Pemeliharaan Rutin Rumah Tangga",Barang Pecah Belah dan Peralatan Makan Minum,102.754167
Bengkulu,"Perlengkapan, Peralatan dan Pemeliharaan Rutin Rumah Tangga",Barang Pecah Belah dan Peralatan Makan Minum,104.248333
Lampung,"Perlengkapan, Peralatan dan Pemeliharaan Rutin Rumah Tangga",Barang Pecah Belah dan Peralatan Makan Minum,110.5075
Kepulauan Bangka Belitung,"Perlengkapan, Peralatan dan Pemeliharaan Rutin Rumah Tangga",Barang Pecah Belah dan Peralatan Makan Minum,97.805833
Kepulauan Riau,"Perlengkapan, Peralatan dan Pemeliharaan Rutin Rumah Tangga",Barang Pecah Belah dan Peralatan Makan Minum,100.635
Dki Jakarta,"Perlengkapan, Peralatan dan Pemeliharaan Rutin Rumah Tangga",Barang Pecah Belah dan Peralatan Makan Minum,105.781667
Jawa Barat,"Perlengkapan, Peralatan dan Pemeliharaan Rutin Rumah Tangga",Barang Pecah Belah dan Peralatan Makan Minum,106.311667
Jawa Tengah,"Perlengkapan, Peralatan dan Pemeliharaan Rutin Rumah Tangga",Barang Pecah Belah dan Peralatan Makan Minum,106.684167
Di Yogyakarta,"Perlengkapan, Peralatan dan Pemeliharaan Rutin Rumah Tangga",Barang Pecah Belah dan Peralatan Makan Minum,109.481667
Jawa Timur,"Perlengkapan, Peralatan dan Pemeliharaan Rutin Rumah Tangga",Barang Pecah Belah dan Peralatan Makan Minum,106.715833
Banten,"Perlengkapan, Peralatan dan Pemeliharaan Rutin Rumah Tangga",Barang Pecah Belah dan Peralatan Makan Minum,110.129167
Bali,"Perlengkapan, Peralatan dan Pemeliharaan Rutin Rumah Tangga",Barang Pecah Belah dan Peralatan Makan Minum,104.69
Nusa Tenggara Barat,"Perlengkapan, Peralatan dan Pemeliharaan Rutin Rumah Tangga",Barang Pecah Belah dan Peralatan Makan Minum,104.944167
Nusa Tenggara Timur,"Perlengkapan, Peralatan dan Pemeliharaan Rutin Rumah Tangga",Barang Pecah Belah dan Peralatan Makan Minum,98.634167
Kalimantan Barat,"Perlengkapan, Peralatan dan Pemeliharaan Rutin Rumah Tangga",Barang Pecah Belah dan Peralatan Makan Minum,105.12
Kalimantan Tengah,"Perlengkapan, Peralatan dan Pemeliharaan Rutin Rumah Tangga",Barang Pecah Belah dan Peralatan Makan Minum,101.5875
Kalimantan Selatan,"Perlengkapan, Peralatan dan Pemeliharaan Rutin Rumah Tangga",Barang Pecah Belah dan Peralatan Makan Minum,115.061667
Kalimantan Timur,"Perlengkapan, Peralatan dan Pemeliharaan Rutin Rumah Tangga",Barang Pecah Belah dan Peralatan Makan Minum,105.759167
Kalimantan Utara,"Perlengkapan, Peralatan dan Pemeliharaan Rutin Rumah Tangga",Barang Pecah Belah dan Peralatan Makan Minum,102.945833
Sulawesi Utara,"Perlengkapan, Peralatan dan Pemeliharaan Rutin Rumah Tangga",Barang Pecah Belah dan Peralatan Makan Minum,105.701667
Sulawesi Tengah,"Perlengkapan, Peralatan dan Pemeliharaan Rutin Rumah Tangga",Barang Pecah Belah dan Peralatan Makan Minum,105.460833
Sulawesi Selatan,"Perlengkapan, Peralatan dan Pemeliharaan Rutin Rumah Tangga",Barang Pecah Belah dan Peralatan Makan Minum,105.9325
Sulawesi Tenggara,"Perlengkapan, Peralatan dan Pemeliharaan Rutin Rumah Tangga",Barang Pecah Belah dan Peralatan Makan Minum,104.670833
Sulawesi Barat,"Perlengkapan, Peralatan dan Pemeliharaan Rutin Rumah Tangga",Barang Pecah Belah dan Peralatan Makan Minum,107.620833
Maluku,"Perlengkapan, Peralatan dan Pemeliharaan Rutin Rumah Tangga",Barang Pecah Belah dan Peralatan Makan Minum,110.4325
Maluku Utara,"Perlengkapan, Peralatan dan Pemeliharaan Rutin Rumah Tangga",Barang Pecah Belah dan Peralatan Makan Minum,101.328333
Papua Barat,"Perlengkapan, Peralatan dan Pemeliharaan Rutin Rumah Tangga",Barang Pecah Belah dan Peralatan Makan Minum,99.670833
Papua Barat Daya,"Perlengkapan, Peralatan dan Pemeliharaan Rutin Rumah Tangga",Barang Pecah Belah dan Peralatan Makan Minum,105.023333
Papua,"Perlengkapan, Peralatan dan Pemeliharaan Rutin Rumah Tangga",Barang Pecah Belah dan Peralatan Makan Minum,104.074167
Papua Selatan,"Perlengkapan, Peralatan dan Pemeliharaan Rutin Rumah Tangga",Barang Pecah Belah dan Peralatan Makan Minum,98.211667
Papua Tengah,"Perlengkapan, Peralatan dan Pemeliharaan Rutin Rumah Tangga",Barang Pecah Belah dan Peralatan Makan Minum,112.0125
Papua Pegunungan,"Perlengkapan, Peralatan dan Pemeliharaan Rutin Rumah Tangga",Barang Pecah Belah dan Peralatan Makan Minum,101.555
Aceh,Perawatan Pribadi dan Jasa Lainnya,Jasa Lainnya,102.21
Sumatera Utara,Perawatan Pribadi dan Jasa Lainnya,Jasa Lainnya,111.0325
Sumatera Barat,Perawatan Pribadi dan Jasa Lainnya,Jasa Lainnya,106.0
Riau,Perawatan Pribadi dan Jasa Lainnya,Jasa Lainnya,102.69
Jambi,Perawatan Pribadi dan Jasa Lainnya,Jasa Lainnya,125.45
Sumatera Selatan,Perawatan Pribadi dan Jasa Lainnya,Jasa Lainnya,105.22
Bengkulu,Perawatan Pribadi dan Jasa Lainnya,Jasa Lainnya,101.97
Lampung,Perawatan Pribadi dan Jasa Lainnya,Jasa Lainnya,117.650833
Kepulauan Bangka Belitung,Perawatan Pribadi dan Jasa Lainnya,Jasa Lainnya,112.709167
Kepulauan Riau,Perawatan Pribadi dan Jasa Lainnya,Jasa Lainnya,108.79
Dki Jakarta,Perawatan Pribadi dan Jasa Lainnya,Jasa Lainnya,107.33
Jawa Barat,Perawatan Pribadi dan Jasa Lainnya,Jasa Lainnya,112.885
Jawa Tengah,Perawatan Pribadi dan Jasa Lainnya,Jasa Lainnya,103.816667
Di Yogyakarta,Perawatan Pribadi dan Jasa Lainnya,Jasa Lainnya,105.28
Jawa Timur,Perawatan Pribadi dan Jasa Lainnya,Jasa Lainnya,110.240833
Banten,Perawatan Pribadi dan Jasa Lainnya,Jasa Lainnya,114.429167
Bali,Perawatan Pribadi dan Jasa Lainnya,Jasa Lainnya,106.610833
Nusa Tenggara Barat,Perawatan Pribadi dan Jasa Lainnya,Jasa Lainnya,105.12
Nusa Tenggara Timur,Perawatan Pribadi dan Jasa Lainnya,Jasa Lainnya,131.694167
Kalimantan Barat,Perawatan Pribadi dan Jasa Lainnya,Jasa Lainnya,111.88
Kalimantan Tengah,Perawatan Pribadi dan Jasa Lainnya,Jasa Lainnya,107.67
Kalimantan Selatan,Perawatan Pribadi dan Jasa Lainnya,Jasa Lainnya,112.830833
Kalimantan Timur,Perawatan Pribadi dan Jasa Lainnya,Jasa Lainnya,104.148333
Kalimantan Utara,Perawatan Pribadi dan Jasa Lainnya,Jasa Lainnya,116.67
Sulawesi Utara,Perawatan Pribadi dan Jasa Lainnya,Jasa Lainnya,104.97
Sulawesi Tengah,Perawatan Pribadi dan Jasa Lainnya,Jasa Lainnya,100.081667
Sulawesi Selatan,Perawatan Pribadi dan Jasa Lainnya,Jasa Lainnya,106.386667
Sulawesi Tenggara,Perawatan Pribadi dan Jasa Lainnya,Jasa Lainnya,110.41
Gorontalo,Perawatan Pribadi dan Jasa Lainnya,Jasa Lainnya,119.25
Sulawesi Barat,Perawatan Pribadi dan Jasa Lainnya,Jasa Lainnya,145.27
Maluku,Perawatan Pribadi dan Jasa Lainnya,Jasa Lainnya,106.99
Maluku Utara,Perawatan Pribadi dan Jasa Lainnya,Jasa Lainnya,104.01
Papua Barat,Perawatan Pribadi dan Jasa Lainnya,Jasa Lainnya,121.826667
Papua Barat Daya,Perawatan Pribadi dan Jasa Lainnya,Jasa Lainnya,119.685
Papua,Perawatan Pribadi dan Jasa Lainnya,Jasa Lainnya,100.0
Papua Selatan,Perawatan Pribadi dan Jasa Lainnya,Jasa Lainnya,128.21
Papua Tengah,Perawatan Pribadi dan Jasa Lainnya,Jasa Lainnya,120.33
Aceh,"Perlengkapan, Peralatan dan Pemeliharaan Rutin Rumah Tangga","Furnitur, Perlengkapan dan Karpet",106.910833
Sumatera Utara,"Perlengkapan, Peralatan dan Pemeliharaan Rutin Rumah Tangga","Furnitur, Perlengkapan dan Karpet",103.236667
Sumatera Barat,"Perlengkapan, Peralatan dan Pemeliharaan Rutin Rumah Tangga","Furnitur, Perlengkapan dan Karpet",109.799167
Riau,"Perlengkapan, Peralatan dan Pemeliharaan Rutin Rumah Tangga","Furnitur, Perlengkapan dan Karpet",106.470833
Jambi,"Perlengkapan, Peralatan dan Pemeliharaan Rutin Rumah Tangga","Furnitur, Perlengkapan dan Karpet",106.6725
Sumatera Selatan,"Perlengkapan, Peralatan dan Pemeliharaan Rutin Rumah Tangga","Furnitur, Perlengkapan dan Karpet",104.2725
Bengkulu,"Perlengkapan, Peralatan dan Pemeliharaan Rutin Rumah Tangga","Furnitur, Perlengkapan dan Karpet",106.825
Lampung,"Perlengkapan, Peralatan dan Pemeliharaan Rutin Rumah Tangga","Furnitur, Perlengkapan dan Karpet",106.123333
Kepulauan Bangka Belitung,"Perlengkapan, Peralatan dan Pemeliharaan Rutin Rumah Tangga","Furnitur, Perlengkapan dan Karpet",104.42
Kepulauan Riau,"Perlengkapan, Peralatan dan Pemeliharaan Rutin Rumah Tangga","Furnitur, Perlengkapan dan Karpet",102.6125
Dki Jakarta,"Perlengkapan, Peralatan dan Pemeliharaan Rutin Rumah Tangga","Furnitur, Perlengkapan dan Karpet",104.289167
Jawa Barat,"Perlengkapan, Peralatan dan Pemeliharaan Rutin Rumah Tangga","Furnitur, Perlengkapan dan Karpet",103.6175
Jawa Tengah,"Perlengkapan, Peralatan dan Pemeliharaan Rutin Rumah Tangga","Furnitur, Perlengkapan dan Karpet",105.288333
Di Yogyakarta,"Perlengkapan, Peralatan dan Pemeliharaan Rutin Rumah Tangga","Furnitur, Perlengkapan dan Karpet",104.480833
Jawa Timur,"Perlengkapan, Peralatan dan Pemeliharaan Rutin Rumah Tangga","Furnitur, Perlengkapan dan Karpet",105.415833
Banten,"Perlengkapan, Peralatan dan Pemeliharaan Rutin Rumah Tangga","Furnitur, Perlengkapan dan Karpet",104.030833
Bali,"Perlengkapan, Peralatan dan Pemeliharaan Rutin Rumah Tangga","Furnitur, Perlengkapan dan Karpet",105.810833
Nusa Tenggara Barat,"Perlengkapan, Peralatan dan Pemeliharaan Rutin Rumah Tangga","Furnitur, Perlengkapan dan Karpet",102.398333
Nusa Tenggara Timur,"Perlengkapan, Peralatan dan Pemeliharaan Rutin Rumah Tangga","Furnitur, Perlengkapan dan Karpet",97.5075
Kalimantan Barat,"Perlengkapan, Peralatan dan Pemeliharaan Rutin Rumah Tangga","Furnitur, Perlengkapan dan Karpet",107.533333
Kalimantan Tengah,"Perlengkapan, Peralatan dan Pemeliharaan Rutin Rumah Tangga","Furnitur, Perlengkapan dan Karpet",102.323333
Kalimantan Selatan,"Perlengkapan, Peralatan dan Pemeliharaan Rutin Rumah Tangga","Furnitur, Perlengkapan dan Karpet",105.59
Kalimantan Timur,"Perlengkapan, Peralatan dan Pemeliharaan Rutin Rumah Tangga","Furnitur, Perlengkapan dan Karpet",102.88
Kalimantan Utara,"Perlengkapan, Peralatan dan Pemeliharaan Rutin Rumah Tangga","Furnitur, Perlengkapan dan Karpet",99.203333
Sulawesi Utara,"Perlengkapan, Peralatan dan Pemeliharaan Rutin Rumah Tangga","Furnitur, Perlengkapan dan Karpet",102.046667
Sulawesi Tengah,"Perlengkapan, Peralatan dan Pemeliharaan Rutin Rumah Tangga","Furnitur, Perlengkapan dan Karpet",102.445
Sulawesi Selatan,"Perlengkapan, Peralatan dan Pemeliharaan Rutin Rumah Tangga","Furnitur, Perlengkapan dan Karpet",104.269167
Sulawesi Tenggara,"Perlengkapan, Peralatan dan Pemeliharaan Rutin Rumah Tangga","Furnitur, Perlengkapan dan Karpet",106.385
Gorontalo,"Perlengkapan, Peralatan dan Pemeliharaan Rutin Rumah Tangga","Furnitur, Perlengkapan dan Karpet",100.94
Sulawesi Barat,"Perlengkapan, Peralatan dan Pemeliharaan Rutin Rumah Tangga","Furnitur, Perlengkapan dan Karpet",105.243333
Maluku,"Perlengkapan, Peralatan dan Pemeliharaan Rutin Rumah Tangga","Furnitur, Perlengkapan dan Karpet",105.245
Maluku Utara,"Perlengkapan, Peralatan dan Pemeliharaan Rutin Rumah Tangga","Furnitur, Perlengkapan dan Karpet",102.613333
Papua Barat,"Perlengkapan, Peralatan dan Pemeliharaan Rutin Rumah Tangga","Furnitur, Perlengkapan dan Karpet",99.886667
Papua Barat Daya,"Perlengkapan, Peralatan dan Pemeliharaan Rutin Rumah Tangga","Furnitur, Perlengkapan dan Karpet",105.886667
Papua,"Perlengkapan, Peralatan dan Pemeliharaan Rutin Rumah Tangga","Furnitur, Perlengkapan dan Karpet",104.189167
Papua Selatan,"Perlengkapan, Peralatan dan Pemeliharaan Rutin Rumah Tangga","Furnitur, Perlengkapan dan Karpet",108.038333
Papua Tengah,"Perlengkapan, Peralatan dan Pemeliharaan Rutin Rumah Tangga","Furnitur, Perlengkapan dan Karpet",110.894167
Papua Pegunungan,"Perlengkapan, Peralatan dan Pemeliharaan Rutin Rumah Tangga","Furnitur, Perlengkapan dan Karpet",94.71
Aceh,"Perumahan, Air, Listrik dan Bahan Bakar Rumah","Pemeliharaan, Perbaikan dan Keamanan",101.133333
Sumatera Utara,"Perumahan, Air, Listrik dan Bahan Bakar Rumah","Pemeliharaan, Perbaikan dan Keamanan",104.785
Sumatera Barat,"Perumahan, Air, Listrik dan Bahan Bakar Rumah","Pemeliharaan, Perbaikan dan Keamanan",102.995
Riau,"Perumahan, Air, Listrik dan Bahan Bakar Rumah","Pemeliharaan, Perbaikan dan Keamanan",105.336667
Jambi,"Perumahan, Air, Listrik dan Bahan Bakar Rumah","Pemeliharaan, Perbaikan dan Keamanan",101.405833
Sumatera Selatan,"Perumahan, Air, Listrik dan Bahan Bakar Rumah","Pemeliharaan, Perbaikan dan Keamanan",104.3825
Bengkulu,"Perumahan, Air, Listrik dan Bahan Bakar Rumah","Pemeliharaan, Perbaikan dan Keamanan",105.2575
Lampung,"Perumahan, Air, Listrik dan Bahan Bakar Rumah","Pemeliharaan, Perbaikan dan Keamanan",106.3525
Kepulauan Bangka Belitung,"Perumahan, Air, Listrik dan Bahan Bakar Rumah","Pemeliharaan, Perbaikan dan Keamanan",101.7
Kepulauan Riau,"Perumahan, Air, Listrik dan Bahan Bakar Rumah","Pemeliharaan, Perbaikan dan Keamanan",103.5775
Dki Jakarta,"Perumahan, Air, Listrik dan Bahan Bakar Rumah","Pemeliharaan, Perbaikan dan Keamanan",102.436667
Jawa Barat,"Perumahan, Air, Listrik dan Bahan Bakar Rumah","Pemeliharaan, Perbaikan dan Keamanan",105.768333
Jawa Tengah,"Perumahan, Air, Listrik dan Bahan Bakar Rumah","Pemeliharaan, Perbaikan dan Keamanan",103.246667
Di Yogyakarta,"Perumahan, Air, Listrik dan Bahan Bakar Rumah","Pemeliharaan, Perbaikan dan Keamanan",106.2775
Jawa Timur,"Perumahan, Air, Listrik dan Bahan Bakar Rumah","Pemeliharaan, Perbaikan dan Keamanan",105.719167
Banten,"Perumahan, Air, Listrik dan Bahan Bakar Rumah","Pemeliharaan, Perbaikan dan Keamanan",103.455
Bali,"Perumahan, Air, Listrik dan Bahan Bakar Rumah","Pemeliharaan, Perbaikan dan Keamanan",104.7225
Nusa Tenggara Barat,"Perumahan, Air, Listrik dan Bahan Bakar Rumah","Pemeliharaan, Perbaikan dan Keamanan",104.713333
Nusa Tenggara Timur,"Perumahan, Air, Listrik dan Bahan Bakar Rumah","Pemeliharaan, Perbaikan dan Keamanan",100.4875
Kalimantan Barat,"Perumahan, Air, Listrik dan Bahan Bakar Rumah","Pemeliharaan, Perbaikan dan Keamanan",106.5225
Kalimantan Tengah,"Perumahan, Air, Listrik dan Bahan Bakar Rumah","Pemeliharaan, Perbaikan dan Keamanan",102.661667
Kalimantan Selatan,"Perumahan, Air, Listrik dan Bahan Bakar Rumah","Pemeliharaan, Perbaikan dan Keamanan",103.601667
Kalimantan Timur,"Perumahan, Air, Listrik dan Bahan Bakar Rumah","Pemeliharaan, Perbaikan dan Keamanan",108.5725
Kalimantan Utara,"Perumahan, Air, Listrik dan Bahan Bakar Rumah","Pemeliharaan, Perbaikan dan Keamanan",102.013333
Sulawesi Utara,"Perumahan, Air, Listrik dan Bahan Bakar Rumah","Pemeliharaan, Perbaikan dan Keamanan",103.2625
Sulawesi Tengah,"Perumahan, Air, Listrik dan Bahan Bakar Rumah","Pemeliharaan, Perbaikan dan Keamanan",103.36
Sulawesi Selatan,"Perumahan, Air, Listrik dan Bahan Bakar Rumah","Pemeliharaan, Perbaikan dan Keamanan",107.2275
Sulawesi Tenggara,"Perumahan, Air, Listrik dan Bahan Bakar Rumah","Pemeliharaan, Perbaikan dan Keamanan",103.378333
Gorontalo,"Perumahan, Air, Listrik dan Bahan Bakar Rumah","Pemeliharaan, Perbaikan dan Keamanan",101.4575
Sulawesi Barat,"Perumahan, Air, Listrik dan Bahan Bakar Rumah","Pemeliharaan, Perbaikan dan Keamanan",102.556667
Maluku,"Perumahan, Air, Listrik dan Bahan Bakar Rumah","Pemeliharaan, Perbaikan dan Keamanan",103.865833
Maluku Utara,"Perumahan, Air, Listrik dan Bahan Bakar Rumah","Pemeliharaan, Perbaikan dan Keamanan",100.2
Papua Barat,"Perumahan, Air, Listrik dan Bahan Bakar Rumah","Pemeliharaan, Perbaikan dan Keamanan",101.59
Papua Barat Daya,"Perumahan, Air, Listrik dan Bahan Bakar Rumah","Pemeliharaan, Perbaikan dan Keamanan",102.941667
Papua,"Perumahan, Air, Listrik dan Bahan Bakar Rumah","Pemeliharaan, Perbaikan dan Keamanan",105.881667
Papua Selatan,"Perumahan, Air, Listrik dan Bahan Bakar Rumah","Pemeliharaan, Perbaikan dan Keamanan",117.409167
Papua Tengah,"Perumahan, Air, Listrik dan Bahan Bakar Rumah","Pemeliharaan, Perbaikan dan Keamanan",115.59
Papua Pegunungan,"Perumahan, Air, Listrik dan Bahan Bakar Rumah","Pemeliharaan, Perbaikan dan Keamanan",96.8375
Aceh,"Perumahan, Air, Listrik dan Bahan Bakar Rumah",Sewa dan Kontrak Rumah,103.506667
Sumatera Utara,"Perumahan, Air, Listrik dan Bahan Bakar Rumah",Sewa dan Kontrak Rumah,103.300833
Sumatera Barat,"Perumahan, Air, Listrik dan Bahan Bakar Rumah",Sewa dan Kontrak Rumah,105.430833
Riau,"Perumahan, Air, Listrik dan Bahan Bakar Rumah",Sewa dan Kontrak Rumah,103.453333
Jambi,"Perumahan, Air, Listrik dan Bahan Bakar Rumah",Sewa dan Kontrak Rumah,103.674167
Sumatera Selatan,"Perumahan, Air, Listrik dan Bahan Bakar Rumah",Sewa dan Kontrak Rumah,101.225833
Bengkulu,"Perumahan, Air, Listrik dan Bahan Bakar Rumah",Sewa dan Kontrak Rumah,102.520833
Lampung,"Perumahan, Air, Listrik dan Bahan Bakar Rumah",Sewa dan Kontrak Rumah,105.789167
Kepulauan Bangka Belitung,"Perumahan, Air, Listrik dan Bahan Bakar Rumah",Sewa dan Kontrak Rumah,101.595
Kepulauan Riau,"Perumahan, Air, Listrik dan Bahan Bakar Rumah",Sewa dan Kontrak Rumah,108.225833
Dki Jakarta,"Perumahan, Air, Listrik dan Bahan Bakar Rumah",Sewa dan Kontrak Rumah,104.516667
Jawa Barat,"Perumahan, Air, Listrik dan Bahan Bakar Rumah",Sewa dan Kontrak Rumah,104.058333
Jawa Tengah,"Perumahan, Air, Listrik dan Bahan Bakar Rumah",Sewa dan Kontrak Rumah,102.7125
Di Yogyakarta,"Perumahan, Air, Listrik dan Bahan Bakar Rumah",Sewa dan Kontrak Rumah,102.3075
Jawa Timur,"Perumahan, Air, Listrik dan Bahan Bakar Rumah",Sewa dan Kontrak Rumah,103.688333
Banten,"Perumahan, Air, Listrik dan Bahan Bakar Rumah",Sewa dan Kontrak Rumah,104.710833
Bali,"Perumahan, Air, Listrik dan Bahan Bakar Rumah",Sewa dan Kontrak Rumah,103.750833
Nusa Tenggara Barat,"Perumahan, Air, Listrik dan Bahan Bakar Rumah",Sewa dan Kontrak Rumah,104.6
Nusa Tenggara Timur,"Perumahan, Air, Listrik dan Bahan Bakar Rumah",Sewa dan Kontrak Rumah,107.283333
Kalimantan Barat,"Perumahan, Air, Listrik dan Bahan Bakar Rumah",Sewa dan Kontrak Rumah,101.954167
Kalimantan Tengah,"Perumahan, Air, Listrik dan Bahan Bakar Rumah",Sewa dan Kontrak Rumah,102.433333
Kalimantan Selatan,"Perumahan, Air, Listrik dan Bahan Bakar Rumah",Sewa dan Kontrak Rumah,104.405
Kalimantan Timur,"Perumahan, Air, Listrik dan Bahan Bakar Rumah",Sewa dan Kontrak Rumah,102.27
Kalimantan Utara,"Perumahan, Air, Listrik dan Bahan Bakar Rumah",Sewa dan Kontrak Rumah,102.106667
Sulawesi Utara,"Perumahan, Air, Listrik dan Bahan Bakar Rumah",Sewa dan Kontrak Rumah,101.63
Sulawesi Tengah,"Perumahan, Air, Listrik dan Bahan Bakar Rumah",Sewa dan Kontrak Rumah,107.775833
Sulawesi Selatan,"Perumahan, Air, Listrik dan Bahan Bakar Rumah",Sewa dan Kontrak Rumah,104.068333
Sulawesi Tenggara,"Perumahan, Air, Listrik dan Bahan Bakar Rumah",Sewa dan Kontrak Rumah,103.758333
Gorontalo,"Perumahan, Air, Listrik dan Bahan Bakar Rumah",Sewa dan Kontrak Rumah,102.013333
Sulawesi Barat,"Perumahan, Air, Listrik dan Bahan Bakar Rumah",Sewa dan Kontrak Rumah,107.679167
Maluku,"Perumahan, Air, Listrik dan Bahan Bakar Rumah",Sewa dan Kontrak Rumah,102.885
Maluku Utara,"Perumahan, Air, Listrik dan Bahan Bakar Rumah",Sewa dan Kontrak Rumah,103.774167
Papua Barat,"Perumahan, Air, Listrik dan Bahan Bakar Rumah",Sewa dan Kontrak Rumah,101.893333
Papua Barat Daya,"Perumahan, Air, Listrik dan Bahan Bakar Rumah",Sewa dan Kontrak Rumah,104.125
Papua,"Perumahan, Air, Listrik dan Bahan Bakar Rumah",Sewa dan Kontrak Rumah,101.725
Papua Selatan,"Perumahan, Air, Listrik dan Bahan Bakar Rumah",Sewa dan Kontrak Rumah,101.523333
Papua Tengah,"Perumahan, Air, Listrik dan Bahan Bakar Rumah",Sewa dan Kontrak Rumah,101.9
Papua Pegunungan,"Perumahan, Air, Listrik dan Bahan Bakar Rumah",Sewa dan Kontrak Rumah,100.0
Aceh,Pakaian dan Alas Kaki,Pakaian,106.159167
Sumatera Utara,Pakaian dan Alas Kaki,Pakaian,107.550833
Sumatera Barat,Pakaian dan Alas Kaki,Pakaian,104.083333
Riau,Pakaian dan Alas Kaki,Pakaian,104.454167
Jambi,Pakaian dan Alas Kaki,Pakaian,107.080833
Sumatera Selatan,Pakaian dan Alas Kaki,Pakaian,102.993333
Bengkulu,Pakaian dan Alas Kaki,Pakaian,105.601667
Lampung,Pakaian dan Alas Kaki,Pakaian,110.1925
Kepulauan Bangka Belitung,Pakaian dan Alas Kaki,Pakaian,104.376667
Kepulauan Riau,Pakaian dan Alas Kaki,Pakaian,107.168333
Dki Jakarta,Pakaian dan Alas Kaki,Pakaian,99.221667
Jawa Barat,Pakaian dan Alas Kaki,Pakaian,106.410833
Jawa Tengah,Pakaian dan Alas Kaki,Pakaian,105.7375
Di Yogyakarta,Pakaian dan Alas Kaki,Pakaian,106.848333
Jawa Timur,Pakaian dan Alas Kaki,Pakaian,105.200833
Banten,Pakaian dan Alas Kaki,Pakaian,105.645
Bali,Pakaian dan Alas Kaki,Pakaian,105.555
Nusa Tenggara Barat,Pakaian dan Alas Kaki,Pakaian,106.865
Nusa Tenggara Timur,Pakaian dan Alas Kaki,Pakaian,103.39
Kalimantan Barat,Pakaian dan Alas Kaki,Pakaian,104.350833
Kalimantan Tengah,Pakaian dan Alas Kaki,Pakaian,104.934167
Kalimantan Selatan,Pakaian dan Alas Kaki,Pakaian,107.388333
Kalimantan Timur,Pakaian dan Alas Kaki,Pakaian,104.308333
Kalimantan Utara,Pakaian dan Alas Kaki,Pakaian,102.935
Sulawesi Utara,Pakaian dan Alas Kaki,Pakaian,98.195833
Sulawesi Tengah,Pakaian dan Alas Kaki,Pakaian,100.575833
Sulawesi Selatan,Pakaian dan Alas Kaki,Pakaian,104.63
Sulawesi Tenggara,Pakaian dan Alas Kaki,Pakaian,100.500833
Gorontalo,Pakaian dan Alas Kaki,Pakaian,102.804167
Sulawesi Barat,Pakaian dan Alas Kaki,Pakaian,103.56
Maluku,Pakaian dan Alas Kaki,Pakaian,103.801667
Maluku Utara,Pakaian dan Alas Kaki,Pakaian,109.666667
Papua Barat,Pakaian dan Alas Kaki,Pakaian,101.205833
Papua Barat Daya,Pakaian dan Alas Kaki,Pakaian,103.27
Papua,Pakaian dan Alas Kaki,Pakaian,99.456667
Papua Selatan,Pakaian dan Alas Kaki,Pakaian,102.855833
Papua Tengah,Pakaian dan Alas Kaki,Pakaian,100.724167
Papua Pegunungan,Pakaian dan Alas Kaki,Pakaian,103.39
Aceh,Pakaian dan Alas Kaki,Alas Kaki,109.250833
Sumatera Utara,Pakaian dan Alas Kaki,Alas Kaki,103.478333
Sumatera Barat,Pakaian dan Alas Kaki,Alas Kaki,102.95
Riau,Pakaian dan Alas Kaki,Alas Kaki,106.205
Jambi,Pakaian dan Alas Kaki,Alas Kaki,101.586667
Sumatera Selatan,Pakaian dan Alas Kaki,Alas Kaki,101.924167
Bengkulu,Pakaian dan Alas Kaki,Alas Kaki,105.563333
Lampung,Pakaian dan Alas Kaki,Alas Kaki,112.1775
Kepulauan Bangka Belitung,Pakaian dan Alas Kaki,Alas Kaki,104.125833
Kepulauan Riau,Pakaian dan Alas Kaki,Alas Kaki,105.368333
Dki Jakarta,Pakaian dan Alas Kaki,Alas Kaki,97.416667
Jawa Barat,Pakaian dan Alas Kaki,Alas Kaki,103.408333
Jawa Tengah,Pakaian dan Alas Kaki,Alas Kaki,103.846667
Di Yogyakarta,Pakaian dan Alas Kaki,Alas Kaki,102.25
Jawa Timur,Pakaian dan Alas Kaki,Alas Kaki,106.573333
Banten,Pakaian dan Alas Kaki,Alas Kaki,102.461667
Bali,Pakaian dan Alas Kaki,Alas Kaki,104.214167
Nusa Tenggara Barat,Pakaian dan Alas Kaki,Alas Kaki,102.730833
Nusa Tenggara Timur,Pakaian dan Alas Kaki,Alas Kaki,100.236667
Kalimantan Barat,Pakaian dan Alas Kaki,Alas Kaki,104.418333
Kalimantan Tengah,Pakaian dan Alas Kaki,Alas Kaki,101.9075
Kalimantan Selatan,Pakaian dan Alas Kaki,Alas Kaki,104.114167
Kalimantan Timur,Pakaian dan Alas Kaki,Alas Kaki,100.291667
Kalimantan Utara,Pakaian dan Alas Kaki,Alas Kaki,105.815
Sulawesi Utara,Pakaian dan Alas Kaki,Alas Kaki,98.165
Sulawesi Tengah,Pakaian dan Alas Kaki,Alas Kaki,103.0725
Sulawesi Selatan,Pakaian dan Alas Kaki,Alas Kaki,106.83
Sulawesi Tenggara,Pakaian dan Alas Kaki,Alas Kaki,95.263333
Gorontalo,Pakaian dan Alas Kaki,Alas Kaki,111.4125
Sulawesi Barat,Pakaian dan Alas Kaki,Alas Kaki,103.27
Maluku,Pakaian dan Alas Kaki,Alas Kaki,99.515833
Maluku Utara,Pakaian dan Alas Kaki,Alas Kaki,101.121667
Papua Barat,Pakaian dan Alas Kaki,Alas Kaki,99.0675
Papua Barat Daya,Pakaian dan Alas Kaki,Alas Kaki,103.8725
Papua,Pakaian dan Alas Kaki,Alas Kaki,97.235
Papua Selatan,Pakaian dan Alas Kaki,Alas Kaki,105.2
Papua Tengah,Pakaian dan Alas Kaki,Alas Kaki,102.030833
Papua Pegunungan,Pakaian dan Alas Kaki,Alas Kaki,98.553333
Aceh,"Makanan, Minuman dan Tembakau",Rokok dan Tembakau,126.3875
Sumatera Utara,"Makanan, Minuman dan Tembakau",Rokok dan Tembakau,121.4025
Sumatera Barat,"Makanan, Minuman dan Tembakau",Rokok dan Tembakau,121.430833
Riau,"Makanan, Minuman dan Tembakau",Rokok dan Tembakau,122.498333
Jambi,"Makanan, Minuman dan Tembakau",Rokok dan Tembakau,120.269167
Sumatera Selatan,"Makanan, Minuman dan Tembakau",Rokok dan Tembakau,118.855
Bengkulu,"Makanan, Minuman dan Tembakau",Rokok dan Tembakau,119.951667
Lampung,"Makanan, Minuman dan Tembakau",Rokok dan Tembakau,120.959167
Kepulauan Bangka Belitung,"Makanan, Minuman dan Tembakau",Rokok dan Tembakau,120.198333
Kepulauan Riau,"Makanan, Minuman dan Tembakau",Rokok dan Tembakau,128.789167
Dki Jakarta,"Makanan, Minuman dan Tembakau",Rokok dan Tembakau,116.394167
Jawa Barat,"Makanan, Minuman dan Tembakau",Rokok dan Tembakau,117.9325
Jawa Tengah,"Makanan, Minuman dan Tembakau",Rokok dan Tembakau,121.826667
Di Yogyakarta,"Makanan, Minuman dan Tembakau",Rokok dan Tembakau,114.115833
Jawa Timur,"Makanan, Minuman dan Tembakau",Rokok dan Tembakau,119.605
Banten,"Makanan, Minuman dan Tembakau",Rokok dan Tembakau,120.874167
Bali,"Makanan, Minuman dan Tembakau",Rokok dan Tembakau,126.411667
Nusa Tenggara Barat,"Makanan, Minuman dan Tembakau",Rokok dan Tembakau,126.245
Nusa Tenggara Timur,"Makanan, Minuman dan Tembakau",Rokok dan Tembakau,126.8825
Kalimantan Barat,"Makanan, Minuman dan Tembakau",Rokok dan Tembakau,122.960833
Kalimantan Tengah,"Makanan, Minuman dan Tembakau",Rokok dan Tembakau,120.526667
Kalimantan Selatan,"Makanan, Minuman dan Tembakau",Rokok dan Tembakau,120.770833
Kalimantan Timur,"Makanan, Minuman dan Tembakau",Rokok dan Tembakau,123.8325
Kalimantan Utara,"Makanan, Minuman dan Tembakau",Rokok dan Tembakau,116.985833
Sulawesi Utara,"Makanan, Minuman dan Tembakau",Rokok dan Tembakau,111.326667
Sulawesi Tengah,"Makanan, Minuman dan Tembakau",Rokok dan Tembakau,125.798333
Sulawesi Selatan,"Makanan, Minuman dan Tembakau",Rokok dan Tembakau,120.5475
Sulawesi Tenggara,"Makanan, Minuman dan Tembakau",Rokok dan Tembakau,128.935
Gorontalo,"Makanan, Minuman dan Tembakau",Rokok dan Tembakau,126.595
Sulawesi Barat,"Makanan, Minuman dan Tembakau",Rokok dan Tembakau,118.648333
Maluku,"Makanan, Minuman dan Tembakau",Rokok dan Tembakau,129.251667
Maluku Utara,"Makanan, Minuman dan Tembakau",Rokok dan Tembakau,119.41
Papua Barat,"Makanan, Minuman dan Tembakau",Rokok dan Tembakau,125.935
Papua Barat Daya,"Makanan, Minuman dan Tembakau",Rokok dan Tembakau,123.435
Papua,"Makanan, Minuman dan Tembakau",Rokok dan Tembakau,126.894167
Papua Selatan,"Makanan, Minuman dan Tembakau",Rokok dan Tembakau,134.878333
Papua Tengah,"Makanan, Minuman dan Tembakau",Rokok dan Tembakau,132.365
Papua Pegunungan,"Makanan, Minuman dan Tembakau",Rokok dan Tembakau,164.205833
Aceh,"Makanan, Minuman dan Tembakau",Minuman yang Tidak Beralkohol,108.8225
Sumatera Utara,"Makanan, Minuman dan Tembakau",Minuman yang Tidak Beralkohol,109.538333
Sumatera Barat,"Makanan, Minuman dan Tembakau",Minuman yang Tidak Beralkohol,106.486667
Riau,"Makanan, Minuman dan Tembakau",Minuman yang Tidak Beralkohol,106.020833
Jambi,"Makanan, Minuman dan Tembakau",Minuman yang Tidak Beralkohol,122.270833
Sumatera Selatan,"Makanan, Minuman dan Tembakau",Minuman yang Tidak Beralkohol,116.205
Bengkulu,"Makanan, Minuman dan Tembakau",Minuman yang Tidak Beralkohol,112.0825
Lampung,"Makanan, Minuman dan Tembakau",Minuman yang Tidak Beralkohol,131.5325
Kepulauan Bangka Belitung,"Makanan, Minuman dan Tembakau",Minuman yang Tidak Beralkohol,114.2325
Kepulauan Riau,"Makanan, Minuman dan Tembakau",Minuman yang Tidak Beralkohol,110.4525
Dki Jakarta,"Makanan, Minuman dan Tembakau",Minuman yang Tidak Beralkohol,108.090833
Jawa Barat,"Makanan, Minuman dan Tembakau",Minuman yang Tidak Beralkohol,113.230833
Jawa Tengah,"Makanan, Minuman dan Tembakau",Minuman yang Tidak Beralkohol,115.8275
Di Yogyakarta,"Makanan, Minuman dan Tembakau",Minuman yang Tidak Beralkohol,116.623333
Jawa Timur,"Makanan, Minuman dan Tembakau",Minuman yang Tidak Beralkohol,110.6425
Banten,"Makanan, Minuman dan Tembakau",Minuman yang Tidak Beralkohol,116.831667
Bali,"Makanan, Minuman dan Tembakau",Minuman yang Tidak Beralkohol,113.81
Nusa Tenggara Barat,"Makanan, Minuman dan Tembakau",Minuman yang Tidak Beralkohol,109.431667
Nusa Tenggara Timur,"Makanan, Minuman dan Tembakau",Minuman yang Tidak Beralkohol,112.191667
Kalimantan Barat,"Makanan, Minuman dan Tembakau",Minuman yang Tidak Beralkohol,115.276667
Kalimantan Tengah,"Makanan, Minuman dan Tembakau",Minuman yang Tidak Beralkohol,115.728333
Kalimantan Selatan,"Makanan, Minuman dan Tembakau",Minuman yang Tidak Beralkohol,112.035833
Kalimantan Timur,"Makanan, Minuman dan Tembakau",Minuman yang Tidak Beralkohol,116.391667
Kalimantan Utara,"Makanan, Minuman dan Tembakau",Minuman yang Tidak Beralkohol,109.709167
Sulawesi Utara,"Makanan, Minuman dan Tembakau",Minuman yang Tidak Beralkohol,102.290833
Sulawesi Tengah,"Makanan, Minuman dan Tembakau",Minuman yang Tidak Beralkohol,113.536667
Sulawesi Selatan,"Makanan, Minuman dan Tembakau",Minuman yang Tidak Beralkohol,109.109167
Sulawesi Tenggara,"Makanan, Minuman dan Tembakau",Minuman yang Tidak Beralkohol,111.866667
Gorontalo,"Makanan, Minuman dan Tembakau",Minuman yang Tidak Beralkohol,107.965
Sulawesi Barat,"Makanan, Minuman dan Tembakau",Minuman yang Tidak Beralkohol,111.124167
Maluku,"Makanan, Minuman dan Tembakau",Minuman yang Tidak Beralkohol,119.409167
Maluku Utara,"Makanan, Minuman dan Tembakau",Minuman yang Tidak Beralkohol,110.510833
Papua Barat,"Makanan, Minuman dan Tembakau",Minuman yang Tidak Beralkohol,107.968333
Papua Barat Daya,"Makanan, Minuman dan Tembakau",Minuman yang Tidak Beralkohol,109.488333
Papua,"Makanan, Minuman dan Tembakau",Minuman yang Tidak Beralkohol,115.523333
Papua Selatan,"Makanan, Minuman dan Tembakau",Minuman yang Tidak Beralkohol,112.309167
Papua Tengah,"Makanan, Minuman dan Tembakau",Minuman yang Tidak Beralkohol,101.411667
Papua Pegunungan,"Makanan, Minuman dan Tembakau",Minuman yang Tidak Beralkohol,91.64
Aceh,"Makanan, Minuman dan Tembakau",Makanan,114.418333
Sumatera Utara,"Makanan, Minuman dan Tembakau",Makanan,114.931667
Sumatera Barat,"Makanan, Minuman dan Tembakau",Makanan,114.248333
Riau,"Makanan, Minuman dan Tembakau",Makanan,111.094167
Jambi,"Makanan, Minuman dan Tembakau",Makanan,112.434167
Sumatera Selatan,"Makanan, Minuman dan Tembakau",Makanan,112.2475
Bengkulu,"Makanan, Minuman dan Tembakau",Makanan,108.525
Lampung,"Makanan, Minuman dan Tembakau",Makanan,114.71
Kepulauan Bangka Belitung,"Makanan, Minuman dan Tembakau",Makanan,104.465833
Kepulauan Riau,"Makanan, Minuman dan Tembakau",Makanan,110.5
Dki Jakarta,"Makanan, Minuman dan Tembakau",Makanan,112.12
Jawa Barat,"Makanan, Minuman dan Tembakau",Makanan,112.0175
Jawa Tengah,"Makanan, Minuman dan Tembakau",Makanan,113.469167
Di Yogyakarta,"Makanan, Minuman dan Tembakau",Makanan,112.784167
Jawa Timur,"Makanan, Minuman dan Tembakau",Makanan,112.724167
Banten,"Makanan, Minuman dan Tembakau",Makanan,109.0075
Bali,"Makanan, Minuman dan Tembakau",Makanan,115.380833
Nusa Tenggara Barat,"Makanan, Minuman dan Tembakau",Makanan,109.6225
Nusa Tenggara Timur,"Makanan, Minuman dan Tembakau",Makanan,110.326667
Kalimantan Barat,"Makanan, Minuman dan Tembakau",Makanan,110.485833
Kalimantan Tengah,"Makanan, Minuman dan Tembakau",Makanan,110.666667
Kalimantan Selatan,"Makanan, Minuman dan Tembakau",Makanan,109.630833
Kalimantan Timur,"Makanan, Minuman dan Tembakau",Makanan,113.131667
Kalimantan Utara,"Makanan, Minuman dan Tembakau",Makanan,109.604167
Sulawesi Utara,"Makanan, Minuman dan Tembakau",Makanan,119.571667
Sulawesi Tengah,"Makanan, Minuman dan Tembakau",Makanan,119.0175
Sulawesi Selatan,"Makanan, Minuman dan Tembakau",Makanan,111.114167
Sulawesi Tenggara,"Makanan, Minuman dan Tembakau",Makanan,112.896667
Gorontalo,"Makanan, Minuman dan Tembakau",Makanan,113.085
Sulawesi Barat,"Makanan, Minuman dan Tembakau",Makanan,110.554167
Maluku,"Makanan, Minuman dan Tembakau",Makanan,111.280833
Maluku Utara,"Makanan, Minuman dan Tembakau",Makanan,116.301667
Papua Barat,"Makanan, Minuman dan Tembakau",Makanan,110.075833
Papua Barat Daya,"Makanan, Minuman dan Tembakau",Makanan,104.768333
Papua,"Makanan, Minuman dan Tembakau",Makanan,105.639167
Papua Selatan,"Makanan, Minuman dan Tembakau",Makanan,114.1975
Papua Tengah,"Makanan, Minuman dan Tembakau",Makanan,117.276667
Papua Pegunungan,"Makanan, Minuman dan Tembakau",Makanan,124.948333
Aceh,"Perumahan, Air, Listrik dan Bahan Bakar Rumah",Listrik dan Bahan Bakar Rumah Tangga,96.223333
Sumatera Utara,"Perumahan, Air, Listrik dan Bahan Bakar Rumah",Listrik dan Bahan Bakar Rumah Tangga,95.4925
Sumatera Barat,"Perumahan, Air, Listrik dan Bahan Bakar Rumah",Listrik dan Bahan Bakar Rumah Tangga,92.4225
Riau,"Perumahan, Air, Listrik dan Bahan Bakar Rumah",Listrik dan Bahan Bakar Rumah Tangga,94.920833
Jambi,"Perumahan, Air, Listrik dan Bahan Bakar Rumah",Listrik dan Bahan Bakar Rumah Tangga,94.92
Sumatera Selatan,"Perumahan, Air, Listrik dan Bahan Bakar Rumah",Listrik dan Bahan Bakar Rumah Tangga,97.3875
Bengkulu,"Perumahan, Air, Listrik dan Bahan Bakar Rumah",Listrik dan Bahan Bakar Rumah Tangga,95.583333
Lampung,"Perumahan, Air, Listrik dan Bahan Bakar Rumah",Listrik dan Bahan Bakar Rumah Tangga,94.815833
Kepulauan Bangka Belitung,"Perumahan, Air, Listrik dan Bahan Bakar Rumah",Listrik dan Bahan Bakar Rumah Tangga,95.569167
Kepulauan Riau,"Perumahan, Air, Listrik dan Bahan Bakar Rumah",Listrik dan Bahan Bakar Rumah Tangga,104.389167
Dki Jakarta,"Perumahan, Air, Listrik dan Bahan Bakar Rumah",Listrik dan Bahan Bakar Rumah Tangga,95.466667
Jawa Barat,"Perumahan, Air, Listrik dan Bahan Bakar Rumah",Listrik dan Bahan Bakar Rumah Tangga,96.0775
Jawa Tengah,"Perumahan, Air, Listrik dan Bahan Bakar Rumah",Listrik dan Bahan Bakar Rumah Tangga,96.551667
Di Yogyakarta,"Perumahan, Air, Listrik dan Bahan Bakar Rumah",Listrik dan Bahan Bakar Rumah Tangga,94.980833
Jawa Timur,"Perumahan, Air, Listrik dan Bahan Bakar Rumah",Listrik dan Bahan Bakar Rumah Tangga,96.163333
Banten,"Perumahan, Air, Listrik dan Bahan Bakar Rumah",Listrik dan Bahan Bakar Rumah Tangga,93.769167
Bali,"Perumahan, Air, Listrik dan Bahan Bakar Rumah",Listrik dan Bahan Bakar Rumah Tangga,98.0475
Nusa Tenggara Barat,"Perumahan, Air, Listrik dan Bahan Bakar Rumah",Listrik dan Bahan Bakar Rumah Tangga,96.4225
Nusa Tenggara Timur,"Perumahan, Air, Listrik dan Bahan Bakar Rumah",Listrik dan Bahan Bakar Rumah Tangga,96.126667
Kalimantan Barat,"Perumahan, Air, Listrik dan Bahan Bakar Rumah",Listrik dan Bahan Bakar Rumah Tangga,95.776667
Kalimantan Tengah,"Perumahan, Air, Listrik dan Bahan Bakar Rumah",Listrik dan Bahan Bakar Rumah Tangga,94.638333
Kalimantan Selatan,"Perumahan, Air, Listrik dan Bahan Bakar Rumah",Listrik dan Bahan Bakar Rumah Tangga,94.545833
Kalimantan Timur,"Perumahan, Air, Listrik dan Bahan Bakar Rumah",Listrik dan Bahan Bakar Rumah Tangga,96.320833
Kalimantan Utara,"Perumahan, Air, Listrik dan Bahan Bakar Rumah",Listrik dan Bahan Bakar Rumah Tangga,95.81
Sulawesi Utara,"Perumahan, Air, Listrik dan Bahan Bakar Rumah",Listrik dan Bahan Bakar Rumah Tangga,94.8325
Sulawesi Tengah,"Perumahan, Air, Listrik dan Bahan Bakar Rumah",Listrik dan Bahan Bakar Rumah Tangga,94.773333
Sulawesi Selatan,"Perumahan, Air, Listrik dan Bahan Bakar Rumah",Listrik dan Bahan Bakar Rumah Tangga,93.555833
Sulawesi Tenggara,"Perumahan, Air, Listrik dan Bahan Bakar Rumah",Listrik dan Bahan Bakar Rumah Tangga,97.580833
Gorontalo,"Perumahan, Air, Listrik dan Bahan Bakar Rumah",Listrik dan Bahan Bakar Rumah Tangga,97.286667
Sulawesi Barat,"Perumahan, Air, Listrik dan Bahan Bakar Rumah",Listrik dan Bahan Bakar Rumah Tangga,93.575833
Maluku,"Perumahan, Air, Listrik dan Bahan Bakar Rumah",Listrik dan Bahan Bakar Rumah Tangga,95.086667
Maluku Utara,"Perumahan, Air, Listrik dan Bahan Bakar Rumah",Listrik dan Bahan Bakar Rumah Tangga,109.455
Papua Barat,"Perumahan, Air, Listrik dan Bahan Bakar Rumah",Listrik dan Bahan Bakar Rumah Tangga,96.475
Papua Barat Daya,"Perumahan, Air, Listrik dan Bahan Bakar Rumah",Listrik dan Bahan Bakar Rumah Tangga,95.485
Papua,"Perumahan, Air, Listrik dan Bahan Bakar Rumah",Listrik dan Bahan Bakar Rumah Tangga,91.524167
Papua Selatan,"Perumahan, Air, Listrik dan Bahan Bakar Rumah",Listrik dan Bahan Bakar Rumah Tangga,93.579167
Papua Tengah,"Perumahan, Air, Listrik dan Bahan Bakar Rumah",Listrik dan Bahan Bakar Rumah Tangga,101.2325
Papua Pegunungan,"Perumahan, Air, Listrik dan Bahan Bakar Rumah",Listrik dan Bahan Bakar Rumah Tangga,93.444167
Aceh,Kesehatan,Jasa Rawat Inap,100.09
Sumatera Utara,Kesehatan,Jasa Rawat Inap,103.628333
Sumatera Barat,Kesehatan,Jasa Rawat Inap,105.380833
Riau,Kesehatan,Jasa Rawat Inap,105.685833
Jambi,Kesehatan,Jasa Rawat Inap,100.27
Sumatera Selatan,Kesehatan,Jasa Rawat Inap,100.17
Bengkulu,Kesehatan,Jasa Rawat Inap,106.243333
Lampung,Kesehatan,Jasa Rawat Inap,101.344167
Kepulauan Bangka Belitung,Kesehatan,Jasa Rawat Inap,104.5
Kepulauan Riau,Kesehatan,Jasa Rawat Inap,112.76
Dki Jakarta,Kesehatan,Jasa Rawat Inap,103.695
Jawa Barat,Kesehatan,Jasa Rawat Inap,103.363333
Jawa Tengah,Kesehatan,Jasa Rawat Inap,102.945833
Di Yogyakarta,Kesehatan,Jasa Rawat Inap,101.56
Jawa Timur,Kesehatan,Jasa Rawat Inap,102.088333
Banten,Kesehatan,Jasa Rawat Inap,106.84
Bali,Kesehatan,Jasa Rawat Inap,106.884167
Nusa Tenggara Barat,Kesehatan,Jasa Rawat Inap,105.05
Nusa Tenggara Timur,Kesehatan,Jasa Rawat Inap,101.890833
Kalimantan Barat,Kesehatan,Jasa Rawat Inap,101.43
Kalimantan Tengah,Kesehatan,Jasa Rawat Inap,107.58
Kalimantan Selatan,Kesehatan,Jasa Rawat Inap,107.525
Kalimantan Timur,Kesehatan,Jasa Rawat Inap,109.35
Kalimantan Utara,Kesehatan,Jasa Rawat Inap,121.19
Sulawesi Utara,Kesehatan,Jasa Rawat Inap,103.29
Sulawesi Tengah,Kesehatan,Jasa Rawat Inap,100.22
Sulawesi Selatan,Kesehatan,Jasa Rawat Inap,109.438333
Sulawesi Tenggara,Kesehatan,Jasa Rawat Inap,100.6525
Gorontalo,Kesehatan,Jasa Rawat Inap,107.06
Sulawesi Barat,Kesehatan,Jasa Rawat Inap,102.19
Maluku,Kesehatan,Jasa Rawat Inap,106.305833
Maluku Utara,Kesehatan,Jasa Rawat Inap,100.0
Papua Barat,Kesehatan,Jasa Rawat Inap,108.28
Papua Barat Daya,Kesehatan,Jasa Rawat Inap,107.986667
Papua,Kesehatan,Jasa Rawat Inap,100.0
Papua Selatan,Kesehatan,Jasa Rawat Inap,118.29
Papua Tengah,Kesehatan,Jasa Rawat Inap,104.09
Papua Pegunungan,Kesehatan,Jasa Rawat Inap,108.2
Aceh,"Perlengkapan, Peralatan dan Pemeliharaan Rutin Rumah Tangga",Tekstil Rumah Tangga,102.740833
Sumatera Utara,"Perlengkapan, Peralatan dan Pemeliharaan Rutin Rumah Tangga",Tekstil Rumah Tangga,104.739167
Sumatera Barat,"Perlengkapan, Peralatan dan Pemeliharaan Rutin Rumah Tangga",Tekstil Rumah Tangga,102.549167
Riau,"Perlengkapan, Peralatan dan Pemeliharaan Rutin Rumah Tangga",Tekstil Rumah Tangga,105.374167
Jambi,"Perlengkapan, Peralatan dan Pemeliharaan Rutin Rumah Tangga",Tekstil Rumah Tangga,107.261667
Sumatera Selatan,"Perlengkapan, Peralatan dan Pemeliharaan Rutin Rumah Tangga",Tekstil Rumah Tangga,106.944167
Bengkulu,"Perlengkapan, Peralatan dan Pemeliharaan Rutin Rumah Tangga",Tekstil Rumah Tangga,104.405833
Lampung,"Perlengkapan, Peralatan dan Pemeliharaan Rutin Rumah Tangga",Tekstil Rumah Tangga,108.771667
Kepulauan Bangka Belitung,"Perlengkapan, Peralatan dan Pemeliharaan Rutin Rumah Tangga",Tekstil Rumah Tangga,102.134167
Kepulauan Riau,"Perlengkapan, Peralatan dan Pemeliharaan Rutin Rumah Tangga",Tekstil Rumah Tangga,103.010833
Dki Jakarta,"Perlengkapan, Peralatan dan Pemeliharaan Rutin Rumah Tangga",Tekstil Rumah Tangga,101.419167
Jawa Barat,"Perlengkapan, Peralatan dan Pemeliharaan Rutin Rumah Tangga",Tekstil Rumah Tangga,103.650833
Jawa Tengah,"Perlengkapan, Peralatan dan Pemeliharaan Rutin Rumah Tangga",Tekstil Rumah Tangga,103.87
Di Yogyakarta,"Perlengkapan, Peralatan dan Pemeliharaan Rutin Rumah Tangga",Tekstil Rumah Tangga,105.659167
Jawa Timur,"Perlengkapan, Peralatan dan Pemeliharaan Rutin Rumah Tangga",Tekstil Rumah Tangga,104.548333
Banten,"Perlengkapan, Peralatan dan Pemeliharaan Rutin Rumah Tangga",Tekstil Rumah Tangga,106.339167
Bali,"Perlengkapan, Peralatan dan Pemeliharaan Rutin Rumah Tangga",Tekstil Rumah Tangga,105.303333
Nusa Tenggara Barat,"Perlengkapan, Peralatan dan Pemeliharaan Rutin Rumah Tangga",Tekstil Rumah Tangga,106.664167
Nusa Tenggara Timur,"Perlengkapan, Peralatan dan Pemeliharaan Rutin Rumah Tangga",Tekstil Rumah Tangga,100.2375
Kalimantan Barat,"Perlengkapan, Peralatan dan Pemeliharaan Rutin Rumah Tangga",Tekstil Rumah Tangga,102.778333
Kalimantan Tengah,"Perlengkapan, Peralatan dan Pemeliharaan Rutin Rumah Tangga",Tekstil Rumah Tangga,105.678333
Kalimantan Selatan,"Perlengkapan, Peralatan dan Pemeliharaan Rutin Rumah Tangga",Tekstil Rumah Tangga,107.111667
Kalimantan Timur,"Perlengkapan, Peralatan dan Pemeliharaan Rutin Rumah Tangga",Tekstil Rumah Tangga,102.7575
Kalimantan Utara,"Perlengkapan, Peralatan dan Pemeliharaan Rutin Rumah Tangga",Tekstil Rumah Tangga,103.72
Sulawesi Utara,"Perlengkapan, Peralatan dan Pemeliharaan Rutin Rumah Tangga",Tekstil Rumah Tangga,101.029167
Sulawesi Tengah,"Perlengkapan, Peralatan dan Pemeliharaan Rutin Rumah Tangga",Tekstil Rumah Tangga,101.875833
Sulawesi Selatan,"Perlengkapan, Peralatan dan Pemeliharaan Rutin Rumah Tangga",Tekstil Rumah Tangga,103.225833
Sulawesi Tenggara,"Perlengkapan, Peralatan dan Pemeliharaan Rutin Rumah Tangga",Tekstil Rumah Tangga,100.113333
Gorontalo,"Perlengkapan, Peralatan dan Pemeliharaan Rutin Rumah Tangga",Tekstil Rumah Tangga,97.025
Sulawesi Barat,"Perlengkapan, Peralatan dan Pemeliharaan Rutin Rumah Tangga",Tekstil Rumah Tangga,96.461667
Maluku,"Perlengkapan, Peralatan dan Pemeliharaan Rutin Rumah Tangga",Tekstil Rumah Tangga,108.055833
Maluku Utara,"Perlengkapan, Peralatan dan Pemeliharaan Rutin Rumah Tangga",Tekstil Rumah Tangga,103.061667
Papua Barat,"Perlengkapan, Peralatan dan Pemeliharaan Rutin Rumah Tangga",Tekstil Rumah Tangga,102.14
Papua Barat Daya,"Perlengkapan, Peralatan dan Pemeliharaan Rutin Rumah Tangga",Tekstil Rumah Tangga,90.091667
Papua,"Perlengkapan, Peralatan dan Pemeliharaan Rutin Rumah Tangga",Tekstil Rumah Tangga,101.535
Papua Selatan,"Perlengkapan, Peralatan dan Pemeliharaan Rutin Rumah Tangga",Tekstil Rumah Tangga,104.56
Papua Tengah,"Perlengkapan, Peralatan dan Pemeliharaan Rutin Rumah Tangga",Tekstil Rumah Tangga,102.389167
Papua Pegunungan,"Perlengkapan, Peralatan dan Pemeliharaan Rutin Rumah Tangga",Tekstil Rumah Tangga,97.66
Aceh,"Perlengkapan, Peralatan dan Pemeliharaan Rutin Rumah Tangga",Barang dan Layanan untuk Pemeliharaan Rumah Tangga Rutin,101.1925
Sumatera Utara,"Perlengkapan, Peralatan dan Pemeliharaan Rutin Rumah Tangga",Barang dan Layanan untuk Pemeliharaan Rumah Tangga Rutin,100.791667
Sumatera Barat,"Perlengkapan, Peralatan dan Pemeliharaan Rutin Rumah Tangga",Barang dan Layanan untuk Pemeliharaan Rumah Tangga Rutin,102.175
Riau,"Perlengkapan, Peralatan dan Pemeliharaan Rutin Rumah Tangga",Barang dan Layanan untuk Pemeliharaan Rumah Tangga Rutin,101.56
Jambi,"Perlengkapan, Peralatan dan Pemeliharaan Rutin Rumah Tangga",Barang dan Layanan untuk Pemeliharaan Rumah Tangga Rutin,103.3425
Sumatera Selatan,"Perlengkapan, Peralatan dan Pemeliharaan Rutin Rumah Tangga",Barang dan Layanan untuk Pemeliharaan Rumah Tangga Rutin,98.704167
Bengkulu,"Perlengkapan, Peralatan dan Pemeliharaan Rutin Rumah Tangga",Barang dan Layanan untuk Pemeliharaan Rumah Tangga Rutin,101.971667
Lampung,"Perlengkapan, Peralatan dan Pemeliharaan Rutin Rumah Tangga",Barang dan Layanan untuk Pemeliharaan Rumah Tangga Rutin,100.94
Kepulauan Bangka Belitung,"Perlengkapan, Peralatan dan Pemeliharaan Rutin Rumah Tangga",Barang dan Layanan untuk Pemeliharaan Rumah Tangga Rutin,99.885
Kepulauan Riau,"Perlengkapan, Peralatan dan Pemeliharaan Rutin Rumah Tangga",Barang dan Layanan untuk Pemeliharaan Rumah Tangga Rutin,101.555
Dki Jakarta,"Perlengkapan, Peralatan dan Pemeliharaan Rutin Rumah Tangga",Barang dan Layanan untuk Pemeliharaan Rumah Tangga Rutin,107.198333
Jawa Barat,"Perlengkapan, Peralatan dan Pemeliharaan Rutin Rumah Tangga",Barang dan Layanan untuk Pemeliharaan Rumah Tangga Rutin,103.131667
Jawa Tengah,"Perlengkapan, Peralatan dan Pemeliharaan Rutin Rumah Tangga",Barang dan Layanan untuk Pemeliharaan Rumah Tangga Rutin,103.534167
Di Yogyakarta,"Perlengkapan, Peralatan dan Pemeliharaan Rutin Rumah Tangga",Barang dan Layanan untuk Pemeliharaan Rumah Tangga Rutin,102.158333
Jawa Timur,"Perlengkapan, Peralatan dan Pemeliharaan Rutin Rumah Tangga",Barang dan Layanan untuk Pemeliharaan Rumah Tangga Rutin,103.261667
Banten,"Perlengkapan, Peralatan dan Pemeliharaan Rutin Rumah Tangga",Barang dan Layanan untuk Pemeliharaan Rumah Tangga Rutin,106.306667
Bali,"Perlengkapan, Peralatan dan Pemeliharaan Rutin Rumah Tangga",Barang dan Layanan untuk Pemeliharaan Rumah Tangga Rutin,103.510833
Nusa Tenggara Barat,"Perlengkapan, Peralatan dan Pemeliharaan Rutin Rumah Tangga",Barang dan Layanan untuk Pemeliharaan Rumah Tangga Rutin,103.03
Nusa Tenggara Timur,"Perlengkapan, Peralatan dan Pemeliharaan Rutin Rumah Tangga",Barang dan Layanan untuk Pemeliharaan Rumah Tangga Rutin,103.246667
Kalimantan Barat,"Perlengkapan, Peralatan dan Pemeliharaan Rutin Rumah Tangga",Barang dan Layanan untuk Pemeliharaan Rumah Tangga Rutin,102.425
Kalimantan Tengah,"Perlengkapan, Peralatan dan Pemeliharaan Rutin Rumah Tangga",Barang dan Layanan untuk Pemeliharaan Rumah Tangga Rutin,101.156667
Kalimantan Selatan,"Perlengkapan, Peralatan dan Pemeliharaan Rutin Rumah Tangga",Barang dan Layanan untuk Pemeliharaan Rumah Tangga Rutin,102.8525
Kalimantan Timur,"Perlengkapan, Peralatan dan Pemeliharaan Rutin Rumah Tangga",Barang dan Layanan untuk Pemeliharaan Rumah Tangga Rutin,97.426667
Kalimantan Utara,"Perlengkapan, Peralatan dan Pemeliharaan Rutin Rumah Tangga",Barang dan Layanan untuk Pemeliharaan Rumah Tangga Rutin,101.551667
Sulawesi Utara,"Perlengkapan, Peralatan dan Pemeliharaan Rutin Rumah Tangga",Barang dan Layanan untuk Pemeliharaan Rumah Tangga Rutin,99.295833
Sulawesi Tengah,"Perlengkapan, Peralatan dan Pemeliharaan Rutin Rumah Tangga",Barang dan Layanan untuk Pemeliharaan Rumah Tangga Rutin,101.634167
Sulawesi Selatan,"Perlengkapan, Peralatan dan Pemeliharaan Rutin Rumah Tangga",Barang dan Layanan untuk Pemeliharaan Rumah Tangga Rutin,103.886667
Sulawesi Tenggara,"Perlengkapan, Peralatan dan Pemeliharaan Rutin Rumah Tangga",Barang dan Layanan untuk Pemeliharaan Rumah Tangga Rutin,103.476667
Gorontalo,"Perlengkapan, Peralatan dan Pemeliharaan Rutin Rumah Tangga",Barang dan Layanan untuk Pemeliharaan Rumah Tangga Rutin,94.085833
Sulawesi Barat,"Perlengkapan, Peralatan dan Pemeliharaan Rutin Rumah Tangga",Barang dan Layanan untuk Pemeliharaan Rumah Tangga Rutin,107.425
Maluku,"Perlengkapan, Peralatan dan Pemeliharaan Rutin Rumah Tangga",Barang dan Layanan untuk Pemeliharaan Rumah Tangga Rutin,103.230833
Maluku Utara,"Perlengkapan, Peralatan dan Pemeliharaan Rutin Rumah Tangga",Barang dan Layanan untuk Pemeliharaan Rumah Tangga Rutin,104.118333
Papua Barat,"Perlengkapan, Peralatan dan Pemeliharaan Rutin Rumah Tangga",Barang dan Layanan untuk Pemeliharaan Rumah Tangga Rutin,107.366667
Papua Barat Daya,"Perlengkapan, Peralatan dan Pemeliharaan Rutin Rumah Tangga",Barang dan Layanan untuk Pemeliharaan Rumah Tangga Rutin,102.056667
Papua,"Perlengkapan, Peralatan dan Pemeliharaan Rutin Rumah Tangga",Barang dan Layanan untuk Pemeliharaan Rumah Tangga Rutin,102.794167
Papua Selatan,"Perlengkapan, Peralatan dan Pemeliharaan Rutin Rumah Tangga",Barang dan Layanan untuk Pemeliharaan Rumah Tangga Rutin,101.475
Papua Tengah,"Perlengkapan, Peralatan dan Pemeliharaan Rutin Rumah Tangga",Barang dan Layanan untuk Pemeliharaan Rumah Tangga Rutin,107.451667
Papua Pegunungan,"Perlengkapan, Peralatan dan Pemeliharaan Rutin Rumah Tangga",Barang dan Layanan untuk Pemeliharaan Rumah Tangga Rutin,101.72
Aceh,Kesehatan,Obat-obatan dan Produk Kesehatan,111.116667
Sumatera Utara,Kesehatan,Obat-obatan dan Produk Kesehatan,107.373333
Sumatera Barat,Kesehatan,Obat-obatan dan Produk Kesehatan,104.085
Riau,Kesehatan,Obat-obatan dan Produk Kesehatan,104.886667
Jambi,Kesehatan,Obat-obatan dan Produk Kesehatan,100.641667
Sumatera Selatan,Kesehatan,Obat-obatan dan Produk Kesehatan,105.485833
Bengkulu,Kesehatan,Obat-obatan dan Produk Kesehatan,107.271667
Lampung,Kesehatan,Obat-obatan dan Produk Kesehatan,103.645
Kepulauan Bangka Belitung,Kesehatan,Obat-obatan dan Produk Kesehatan,104.519167
Kepulauan Riau,Kesehatan,Obat-obatan dan Produk Kesehatan,104.031667
Dki Jakarta,Kesehatan,Obat-obatan dan Produk Kesehatan,105.73
Jawa Barat,Kesehatan,Obat-obatan dan Produk Kesehatan,108.2125
Jawa Tengah,Kesehatan,Obat-obatan dan Produk Kesehatan,106.725833
Di Yogyakarta,Kesehatan,Obat-obatan dan Produk Kesehatan,109.216667
Jawa Timur,Kesehatan,Obat-obatan dan Produk Kesehatan,108.178333
Banten,Kesehatan,Obat-obatan dan Produk Kesehatan,101.713333
Bali,Kesehatan,Obat-obatan dan Produk Kesehatan,102.960833
Nusa Tenggara Barat,Kesehatan,Obat-obatan dan Produk Kesehatan,105.415833
Nusa Tenggara Timur,Kesehatan,Obat-obatan dan Produk Kesehatan,105.356667
Kalimantan Barat,Kesehatan,Obat-obatan dan Produk Kesehatan,104.35
Kalimantan Tengah,Kesehatan,Obat-obatan dan Produk Kesehatan,102.803333
Kalimantan Selatan,Kesehatan,Obat-obatan dan Produk Kesehatan,104.919167
Kalimantan Timur,Kesehatan,Obat-obatan dan Produk Kesehatan,108.041667
Kalimantan Utara,Kesehatan,Obat-obatan dan Produk Kesehatan,103.315
Sulawesi Utara,Kesehatan,Obat-obatan dan Produk Kesehatan,103.190833
Sulawesi Tengah,Kesehatan,Obat-obatan dan Produk Kesehatan,104.404167
Sulawesi Selatan,Kesehatan,Obat-obatan dan Produk Kesehatan,104.654167
Sulawesi Tenggara,Kesehatan,Obat-obatan dan Produk Kesehatan,101.965
Gorontalo,Kesehatan,Obat-obatan dan Produk Kesehatan,101.625833
Sulawesi Barat,Kesehatan,Obat-obatan dan Produk Kesehatan,99.975
Maluku,Kesehatan,Obat-obatan dan Produk Kesehatan,117.895833
Maluku Utara,Kesehatan,Obat-obatan dan Produk Kesehatan,103.075833
Papua Barat,Kesehatan,Obat-obatan dan Produk Kesehatan,104.1
Papua Barat Daya,Kesehatan,Obat-obatan dan Produk Kesehatan,106.495833
Papua,Kesehatan,Obat-obatan dan Produk Kesehatan,105.126667
Papua Selatan,Kesehatan,Obat-obatan dan Produk Kesehatan,112.67
Papua Tengah,Kesehatan,Obat-obatan dan Produk Kesehatan,100.488333
Papua Pegunungan,Kesehatan,Obat-obatan dan Produk Kesehatan,98.945
Aceh,"Perlengkapan, Peralatan dan Pemeliharaan Rutin Rumah Tangga",Peralatan Rumah Tangga,102.404167
Sumatera Utara,"Perlengkapan, Peralatan dan Pemeliharaan Rutin Rumah Tangga",Peralatan Rumah Tangga,104.9425
Sumatera Barat,"Perlengkapan, Peralatan dan Pemeliharaan Rutin Rumah Tangga",Peralatan Rumah Tangga,103.106667
Riau,"Perlengkapan, Peralatan dan Pemeliharaan Rutin Rumah Tangga",Peralatan Rumah Tangga,102.536667
Jambi,"Perlengkapan, Peralatan dan Pemeliharaan Rutin Rumah Tangga",Peralatan Rumah Tangga,107.985
Sumatera Selatan,"Perlengkapan, Peralatan dan Pemeliharaan Rutin Rumah Tangga",Peralatan Rumah Tangga,102.741667
Bengkulu,"Perlengkapan, Peralatan dan Pemeliharaan Rutin Rumah Tangga",Peralatan Rumah Tangga,101.043333
Lampung,"Perlengkapan, Peralatan dan Pemeliharaan Rutin Rumah Tangga",Peralatan Rumah Tangga,105.570833
Kepulauan Bangka Belitung,"Perlengkapan, Peralatan dan Pemeliharaan Rutin Rumah Tangga",Peralatan Rumah Tangga,101.260833
Kepulauan Riau,"Perlengkapan, Peralatan dan Pemeliharaan Rutin Rumah Tangga",Peralatan Rumah Tangga,101.279167
Dki Jakarta,"Perlengkapan, Peralatan dan Pemeliharaan Rutin Rumah Tangga",Peralatan Rumah Tangga,104.875833
Jawa Barat,"Perlengkapan, Peralatan dan Pemeliharaan Rutin Rumah Tangga",Peralatan Rumah Tangga,104.7125
Jawa Tengah,"Perlengkapan, Peralatan dan Pemeliharaan Rutin Rumah Tangga",Peralatan Rumah Tangga,102.368333
Di Yogyakarta,"Perlengkapan, Peralatan dan Pemeliharaan Rutin Rumah Tangga",Peralatan Rumah Tangga,105.253333
Jawa Timur,"Perlengkapan, Peralatan dan Pemeliharaan Rutin Rumah Tangga",Peralatan Rumah Tangga,103.46
Banten,"Perlengkapan, Peralatan dan Pemeliharaan Rutin Rumah Tangga",Peralatan Rumah Tangga,103.529167
Bali,"Perlengkapan, Peralatan dan Pemeliharaan Rutin Rumah Tangga",Peralatan Rumah Tangga,106.145
Nusa Tenggara Barat,"Perlengkapan, Peralatan dan Pemeliharaan Rutin Rumah Tangga",Peralatan Rumah Tangga,102.744167
Nusa Tenggara Timur,"Perlengkapan, Peralatan dan Pemeliharaan Rutin Rumah Tangga",Peralatan Rumah Tangga,101.854167
Kalimantan Barat,"Perlengkapan, Peralatan dan Pemeliharaan Rutin Rumah Tangga",Peralatan Rumah Tangga,99.48
Kalimantan Tengah,"Perlengkapan, Peralatan dan Pemeliharaan Rutin Rumah Tangga",Peralatan Rumah Tangga,109.399167
Kalimantan Selatan,"Perlengkapan, Peralatan dan Pemeliharaan Rutin Rumah Tangga",Peralatan Rumah Tangga,104.265833
Kalimantan Timur,"Perlengkapan, Peralatan dan Pemeliharaan Rutin Rumah Tangga",Peralatan Rumah Tangga,101.5
Kalimantan Utara,"Perlengkapan, Peralatan dan Pemeliharaan Rutin Rumah Tangga",Peralatan Rumah Tangga,102.551667
Sulawesi Utara,"Perlengkapan, Peralatan dan Pemeliharaan Rutin Rumah Tangga",Peralatan Rumah Tangga,102.045833
Sulawesi Tengah,"Perlengkapan, Peralatan dan Pemeliharaan Rutin Rumah Tangga",Peralatan Rumah Tangga,98.905
Sulawesi Selatan,"Perlengkapan, Peralatan dan Pemeliharaan Rutin Rumah Tangga",Peralatan Rumah Tangga,102.5125
Sulawesi Tenggara,"Perlengkapan, Peralatan dan Pemeliharaan Rutin Rumah Tangga",Peralatan Rumah Tangga,100.075
Gorontalo,"Perlengkapan, Peralatan dan Pemeliharaan Rutin Rumah Tangga",Peralatan Rumah Tangga,99.316667
Sulawesi Barat,"Perlengkapan, Peralatan dan Pemeliharaan Rutin Rumah Tangga",Peralatan Rumah Tangga,102.3875
Maluku,"Perlengkapan, Peralatan dan Pemeliharaan Rutin Rumah Tangga",Peralatan Rumah Tangga,99.369167
Maluku Utara,"Perlengkapan, Peralatan dan Pemeliharaan Rutin Rumah Tangga",Peralatan Rumah Tangga,97.593333
Papua Barat,"Perlengkapan, Peralatan dan Pemeliharaan Rutin Rumah Tangga",Peralatan Rumah Tangga,99.775833
Papua Barat Daya,"Perlengkapan, Peralatan dan Pemeliharaan Rutin Rumah Tangga",Peralatan Rumah Tangga,100.741667
Papua,"Perlengkapan, Peralatan dan Pemeliharaan Rutin Rumah Tangga",Peralatan Rumah Tangga,96.893333
Papua Selatan,"Perlengkapan, Peralatan dan Pemeliharaan Rutin Rumah Tangga",Peralatan Rumah Tangga,100.496667
Papua Tengah,"Perlengkapan, Peralatan dan Pemeliharaan Rutin Rumah Tangga",Peralatan Rumah Tangga,106.9125
Papua Pegunungan,"Perlengkapan, Peralatan dan Pemeliharaan Rutin Rumah Tangga",Peralatan Rumah Tangga,96.511667
Aceh,"Perlengkapan, Peralatan dan Pemeliharaan Rutin Rumah Tangga",Peralatan dan Perlengkapan Perumahan dan Kebun,101.020833
Sumatera Utara,"Perlengkapan, Peralatan dan Pemeliharaan Rutin Rumah Tangga",Peralatan dan Perlengkapan Perumahan dan Kebun,111.365
Sumatera Barat,"Perlengkapan, Peralatan dan Pemeliharaan Rutin Rumah Tangga",Peralatan dan Perlengkapan Perumahan dan Kebun,104.026667
Riau,"Perlengkapan, Peralatan dan Pemeliharaan Rutin Rumah Tangga",Peralatan dan Perlengkapan Perumahan dan Kebun,109.4825
Jambi,"Perlengkapan, Peralatan dan Pemeliharaan Rutin Rumah Tangga",Peralatan dan Perlengkapan Perumahan dan Kebun,102.559167
Sumatera Selatan,"Perlengkapan, Peralatan dan Pemeliharaan Rutin Rumah Tangga",Peralatan dan Perlengkapan Perumahan dan Kebun,107.073333
Bengkulu,"Perlengkapan, Peralatan dan Pemeliharaan Rutin Rumah Tangga",Peralatan dan Perlengkapan Perumahan dan Kebun,105.763333
Lampung,"Perlengkapan, Peralatan dan Pemeliharaan Rutin Rumah Tangga",Peralatan dan Perlengkapan Perumahan dan Kebun,101.656667
Kepulauan Bangka Belitung,"Perlengkapan, Peralatan dan Pemeliharaan Rutin Rumah Tangga",Peralatan dan Perlengkapan Perumahan dan Kebun,107.701667
Kepulauan Riau,"Perlengkapan, Peralatan dan Pemeliharaan Rutin Rumah Tangga",Peralatan dan Perlengkapan Perumahan dan Kebun,104.7125
Dki Jakarta,"Perlengkapan, Peralatan dan Pemeliharaan Rutin Rumah Tangga",Peralatan dan Perlengkapan Perumahan dan Kebun,105.910833
Jawa Barat,"Perlengkapan, Peralatan dan Pemeliharaan Rutin Rumah Tangga",Peralatan dan Perlengkapan Perumahan dan Kebun,99.74
Jawa Tengah,"Perlengkapan, Peralatan dan Pemeliharaan Rutin Rumah Tangga",Peralatan dan Perlengkapan Perumahan dan Kebun,103.420833
Di Yogyakarta,"Perlengkapan, Peralatan dan Pemeliharaan Rutin Rumah Tangga",Peralatan dan Perlengkapan Perumahan dan Kebun,106.453333
Jawa Timur,"Perlengkapan, Peralatan dan Pemeliharaan Rutin Rumah Tangga",Peralatan dan Perlengkapan Perumahan dan Kebun,106.461667
Banten,"Perlengkapan, Peralatan dan Pemeliharaan Rutin Rumah Tangga",Peralatan dan Perlengkapan Perumahan dan Kebun,106.115
Bali,"Perlengkapan, Peralatan dan Pemeliharaan Rutin Rumah Tangga",Peralatan dan Perlengkapan Perumahan dan Kebun,102.174167
Nusa Tenggara Barat,"Perlengkapan, Peralatan dan Pemeliharaan Rutin Rumah Tangga",Peralatan dan Perlengkapan Perumahan dan Kebun,103.260833
Nusa Tenggara Timur,"Perlengkapan, Peralatan dan Pemeliharaan Rutin Rumah Tangga",Peralatan dan Perlengkapan Perumahan dan Kebun,101.028333
Kalimantan Barat,"Perlengkapan, Peralatan dan Pemeliharaan Rutin Rumah Tangga",Peralatan dan Perlengkapan Perumahan dan Kebun,99.524167
Kalimantan Tengah,"Perlengkapan, Peralatan dan Pemeliharaan Rutin Rumah Tangga",Peralatan dan Perlengkapan Perumahan dan Kebun,105.306667
Kalimantan Selatan,"Perlengkapan, Peralatan dan Pemeliharaan Rutin Rumah Tangga",Peralatan dan Perlengkapan Perumahan dan Kebun,105.405
Kalimantan Timur,"Perlengkapan, Peralatan dan Pemeliharaan Rutin Rumah Tangga",Peralatan dan Perlengkapan Perumahan dan Kebun,111.661667
Kalimantan Utara,"Perlengkapan, Peralatan dan Pemeliharaan Rutin Rumah Tangga",Peralatan dan Perlengkapan Perumahan dan Kebun,102.135
Sulawesi Utara,"Perlengkapan, Peralatan dan Pemeliharaan Rutin Rumah Tangga",Peralatan dan Perlengkapan Perumahan dan Kebun,103.408333
Sulawesi Tengah,"Perlengkapan, Peralatan dan Pemeliharaan Rutin Rumah Tangga",Peralatan dan Perlengkapan Perumahan dan Kebun,100.993333
Sulawesi Selatan,"Perlengkapan, Peralatan dan Pemeliharaan Rutin Rumah Tangga",Peralatan dan Perlengkapan Perumahan dan Kebun,105.4525
Sulawesi Tenggara,"Perlengkapan, Peralatan dan Pemeliharaan Rutin Rumah Tangga",Peralatan dan Perlengkapan Perumahan dan Kebun,115.689167
Gorontalo,"Perlengkapan, Peralatan dan Pemeliharaan Rutin Rumah Tangga",Peralatan dan Perlengkapan Perumahan dan Kebun,105.311667
Sulawesi Barat,"Perlengkapan, Peralatan dan Pemeliharaan Rutin Rumah Tangga",Peralatan dan Perlengkapan Perumahan dan Kebun,100.1375
Maluku,"Perlengkapan, Peralatan dan Pemeliharaan Rutin Rumah Tangga",Peralatan dan Perlengkapan Perumahan dan Kebun,106.379167
Maluku Utara,"Perlengkapan, Peralatan dan Pemeliharaan Rutin Rumah Tangga",Peralatan dan Perlengkapan Perumahan dan Kebun,107.03
Papua Barat,"Perlengkapan, Peralatan dan Pemeliharaan Rutin Rumah Tangga",Peralatan dan Perlengkapan Perumahan dan Kebun,107.9725
Papua Barat Daya,"Perlengkapan, Peralatan dan Pemeliharaan Rutin Rumah Tangga",Peralatan dan Perlengkapan Perumahan dan Kebun,113.31
Papua,"Perlengkapan, Peralatan dan Pemeliharaan Rutin Rumah Tangga",Peralatan dan Perlengkapan Perumahan dan Kebun,100.0
Papua Selatan,"Perlengkapan, Peralatan dan Pemeliharaan Rutin Rumah Tangga",Peralatan dan Perlengkapan Perumahan dan Kebun,105.0425
Papua Tengah,"Perlengkapan, Peralatan dan Pemeliharaan Rutin Rumah Tangga",Peralatan dan Perlengkapan Perumahan dan Kebun,117.21
Papua Pegunungan,"Perlengkapan, Peralatan dan Pemeliharaan Rutin Rumah Tangga",Peralatan dan Perlengkapan Perumahan dan Kebun,114.866667
Aceh,"Informasi, Komunikasi dan Jasa Keuangan",Layanan Informasi dan Komunikasi,100.043333
Sumatera Utara,"Informasi, Komunikasi dan Jasa Keuangan",Layanan Informasi dan Komunikasi,100.0425
Sumatera Barat,"Informasi, Komunikasi dan Jasa Keuangan",Layanan Informasi dan Komunikasi,100.131667
Riau,"Informasi, Komunikasi dan Jasa Keuangan",Layanan Informasi dan Komunikasi,100.090833
Jambi,"Informasi, Komunikasi dan Jasa Keuangan",Layanan Informasi dan Komunikasi,100.1275
Sumatera Selatan,"Informasi, Komunikasi dan Jasa Keuangan",Layanan Informasi dan Komunikasi,100.169167
Bengkulu,"Informasi, Komunikasi dan Jasa Keuangan",Layanan Informasi dan Komunikasi,100.186667
Lampung,"Informasi, Komunikasi dan Jasa Keuangan",Layanan Informasi dan Komunikasi,100.145
Kepulauan Bangka Belitung,"Informasi, Komunikasi dan Jasa Keuangan",Layanan Informasi dan Komunikasi,100.035
Kepulauan Riau,"Informasi, Komunikasi dan Jasa Keuangan",Layanan Informasi dan Komunikasi,100.06
Dki Jakarta,"Informasi, Komunikasi dan Jasa Keuangan",Layanan Informasi dan Komunikasi,100.321667
Jawa Barat,"Informasi, Komunikasi dan Jasa Keuangan",Layanan Informasi dan Komunikasi,100.26
Jawa Tengah,"Informasi, Komunikasi dan Jasa Keuangan",Layanan Informasi dan Komunikasi,100.233333
Di Yogyakarta,"Informasi, Komunikasi dan Jasa Keuangan",Layanan Informasi dan Komunikasi,100.0625
Jawa Timur,"Informasi, Komunikasi dan Jasa Keuangan",Layanan Informasi dan Komunikasi,100.2825
Banten,"Informasi, Komunikasi dan Jasa Keuangan",Layanan Informasi dan Komunikasi,100.618333
Bali,"Informasi, Komunikasi dan Jasa Keuangan",Layanan Informasi dan Komunikasi,100.068333
Nusa Tenggara Barat,"Informasi, Komunikasi dan Jasa Keuangan",Layanan Informasi dan Komunikasi,100.004167
Nusa Tenggara Timur,"Informasi, Komunikasi dan Jasa Keuangan",Layanan Informasi dan Komunikasi,99.994167
Kalimantan Barat,"Informasi, Komunikasi dan Jasa Keuangan",Layanan Informasi dan Komunikasi,100.385
Kalimantan Tengah,"Informasi, Komunikasi dan Jasa Keuangan",Layanan Informasi dan Komunikasi,100.0975
Kalimantan Selatan,"Informasi, Komunikasi dan Jasa Keuangan",Layanan Informasi dan Komunikasi,100.090833
Kalimantan Timur,"Informasi, Komunikasi dan Jasa Keuangan",Layanan Informasi dan Komunikasi,100.168333
Kalimantan Utara,"Informasi, Komunikasi dan Jasa Keuangan",Layanan Informasi dan Komunikasi,100.0175
Sulawesi Utara,"Informasi, Komunikasi dan Jasa Keuangan",Layanan Informasi dan Komunikasi,100.2025
Sulawesi Tengah,"Informasi, Komunikasi dan Jasa Keuangan",Layanan Informasi dan Komunikasi,100.245
Sulawesi Selatan,"Informasi, Komunikasi dan Jasa Keuangan",Layanan Informasi dan Komunikasi,100.224167
Sulawesi Tenggara,"Informasi, Komunikasi dan Jasa Keuangan",Layanan Informasi dan Komunikasi,100.035
Gorontalo,"Informasi, Komunikasi dan Jasa Keuangan",Layanan Informasi dan Komunikasi,100.051667
Sulawesi Barat,"Informasi, Komunikasi dan Jasa Keuangan",Layanan Informasi dan Komunikasi,99.995833
Maluku,"Informasi, Komunikasi dan Jasa Keuangan",Layanan Informasi dan Komunikasi,100.35
Maluku Utara,"Informasi, Komunikasi dan Jasa Keuangan",Layanan Informasi dan Komunikasi,99.983333
Papua Barat,"Informasi, Komunikasi dan Jasa Keuangan",Layanan Informasi dan Komunikasi,100.0575
Papua Barat Daya,"Informasi, Komunikasi dan Jasa Keuangan",Layanan Informasi dan Komunikasi,100.124167
Papua,"Informasi, Komunikasi dan Jasa Keuangan",Layanan Informasi dan Komunikasi,99.950833
Papua Selatan,"Informasi, Komunikasi dan Jasa Keuangan",Layanan Informasi dan Komunikasi,99.95
Papua Tengah,"Informasi, Komunikasi dan Jasa Keuangan",Layanan Informasi dan Komunikasi,101.1125
Papua Pegunungan,"Informasi, Komunikasi dan Jasa Keuangan",Layanan Informasi dan Komunikasi,99.930833
Aceh,"Informasi, Komunikasi dan Jasa Keuangan",Peralatan Informasi dan Komunikasi,94.241667
Sumatera Utara,"Informasi, Komunikasi dan Jasa Keuangan",Peralatan Informasi dan Komunikasi,101.166667
Sumatera Barat,"Informasi, Komunikasi dan Jasa Keuangan",Peralatan Informasi dan Komunikasi,96.595833
Riau,"Informasi, Komunikasi dan Jasa Keuangan",Peralatan Informasi dan Komunikasi,99.673333
Jambi,"Informasi, Komunikasi dan Jasa Keuangan",Peralatan Informasi dan Komunikasi,92.190833
Sumatera Selatan,"Informasi, Komunikasi dan Jasa Keuangan",Peralatan Informasi dan Komunikasi,96.505
Bengkulu,"Informasi, Komunikasi dan Jasa Keuangan",Peralatan Informasi dan Komunikasi,97.625
Lampung,"Informasi, Komunikasi dan Jasa Keuangan",Peralatan Informasi dan Komunikasi,92.535833
Kepulauan Bangka Belitung,"Informasi, Komunikasi dan Jasa Keuangan",Peralatan Informasi dan Komunikasi,95.253333
Kepulauan Riau,"Informasi, Komunikasi dan Jasa Keuangan",Peralatan Informasi dan Komunikasi,99.4175
Dki Jakarta,"Informasi, Komunikasi dan Jasa Keuangan",Peralatan Informasi dan Komunikasi,97.465
Jawa Barat,"Informasi, Komunikasi dan Jasa Keuangan",Peralatan Informasi dan Komunikasi,95.75
Jawa Tengah,"Informasi, Komunikasi dan Jasa Keuangan",Peralatan Informasi dan Komunikasi,91.795833
Di Yogyakarta,"Informasi, Komunikasi dan Jasa Keuangan",Peralatan Informasi dan Komunikasi,98.046667
Jawa Timur,"Informasi, Komunikasi dan Jasa Keuangan",Peralatan Informasi dan Komunikasi,95.991667
Banten,"Informasi, Komunikasi dan Jasa Keuangan",Peralatan Informasi dan Komunikasi,102.685
Bali,"Informasi, Komunikasi dan Jasa Keuangan",Peralatan Informasi dan Komunikasi,94.673333
Nusa Tenggara Barat,"Informasi, Komunikasi dan Jasa Keuangan",Peralatan Informasi dan Komunikasi,90.279167
Nusa Tenggara Timur,"Informasi, Komunikasi dan Jasa Keuangan",Peralatan Informasi dan Komunikasi,96.039167
Kalimantan Barat,"Informasi, Komunikasi dan Jasa Keuangan",Peralatan Informasi dan Komunikasi,97.985833
Kalimantan Tengah,"Informasi, Komunikasi dan Jasa Keuangan",Peralatan Informasi dan Komunikasi,96.543333
Kalimantan Selatan,"Informasi, Komunikasi dan Jasa Keuangan",Peralatan Informasi dan Komunikasi,93.361667
Kalimantan Timur,"Informasi, Komunikasi dan Jasa Keuangan",Peralatan Informasi dan Komunikasi,95.930833
Kalimantan Utara,"Informasi, Komunikasi dan Jasa Keuangan",Peralatan Informasi dan Komunikasi,97.864167
Sulawesi Utara,"Informasi, Komunikasi dan Jasa Keuangan",Peralatan Informasi dan Komunikasi,91.150833
Sulawesi Tengah,"Informasi, Komunikasi dan Jasa Keuangan",Peralatan Informasi dan Komunikasi,98.903333
Sulawesi Selatan,"Informasi, Komunikasi dan Jasa Keuangan",Peralatan Informasi dan Komunikasi,96.319167
Sulawesi Tenggara,"Informasi, Komunikasi dan Jasa Keuangan",Peralatan Informasi dan Komunikasi,95.708333
Gorontalo,"Informasi, Komunikasi dan Jasa Keuangan",Peralatan Informasi dan Komunikasi,97.9925
Sulawesi Barat,"Informasi, Komunikasi dan Jasa Keuangan",Peralatan Informasi dan Komunikasi,96.0025
Maluku,"Informasi, Komunikasi dan Jasa Keuangan",Peralatan Informasi dan Komunikasi,82.123333
Maluku Utara,"Informasi, Komunikasi dan Jasa Keuangan",Peralatan Informasi dan Komunikasi,97.048333
Papua Barat,"Informasi, Komunikasi dan Jasa Keuangan",Peralatan Informasi dan Komunikasi,102.558333
Papua Barat Daya,"Informasi, Komunikasi dan Jasa Keuangan",Peralatan Informasi dan Komunikasi,94.981667
Papua,"Informasi, Komunikasi dan Jasa Keuangan",Peralatan Informasi dan Komunikasi,86.53
Papua Selatan,"Informasi, Komunikasi dan Jasa Keuangan",Peralatan Informasi dan Komunikasi,91.605
Papua Tengah,"Informasi, Komunikasi dan Jasa Keuangan",Peralatan Informasi dan Komunikasi,100.479167
Papua Pegunungan,"Informasi, Komunikasi dan Jasa Keuangan",Peralatan Informasi dan Komunikasi,92.595
Aceh,Transportasi,Jasa Pengiriman Barang,106.530833
Sumatera Utara,Transportasi,Jasa Pengiriman Barang,102.5
Sumatera Barat,Transportasi,Jasa Pengiriman Barang,111.435833
Riau,Transportasi,Jasa Pengiriman Barang,107.935
Jambi,Transportasi,Jasa Pengiriman Barang,101.62
Sumatera Selatan,Transportasi,Jasa Pengiriman Barang,100.74
Bengkulu,Transportasi,Jasa Pengiriman Barang,110.28
Lampung,Transportasi,Jasa Pengiriman Barang,108.306667
Kepulauan Bangka Belitung,Transportasi,Jasa Pengiriman Barang,105.01
Kepulauan Riau,Transportasi,Jasa Pengiriman Barang,123.79
Dki Jakarta,Transportasi,Jasa Pengiriman Barang,104.9725
Jawa Barat,Transportasi,Jasa Pengiriman Barang,104.6375
Jawa Tengah,Transportasi,Jasa Pengiriman Barang,103.700833
Di Yogyakarta,Transportasi,Jasa Pengiriman Barang,101.42
Jawa Timur,Transportasi,Jasa Pengiriman Barang,103.23
Banten,Transportasi,Jasa Pengiriman Barang,105.82
Bali,Transportasi,Jasa Pengiriman Barang,106.2075
Nusa Tenggara Barat,Transportasi,Jasa Pengiriman Barang,106.8925
Nusa Tenggara Timur,Transportasi,Jasa Pengiriman Barang,133.115
Kalimantan Barat,Transportasi,Jasa Pengiriman Barang,103.074167
Kalimantan Tengah,Transportasi,Jasa Pengiriman Barang,118.729167
Kalimantan Selatan,Transportasi,Jasa Pengiriman Barang,106.308333
Kalimantan Timur,Transportasi,Jasa Pengiriman Barang,121.243333
Kalimantan Utara,Transportasi,Jasa Pengiriman Barang,107.591667
Sulawesi Utara,Transportasi,Jasa Pengiriman Barang,100.858333
Sulawesi Tengah,Transportasi,Jasa Pengiriman Barang,107.565
Sulawesi Selatan,Transportasi,Jasa Pengiriman Barang,104.543333
Sulawesi Tenggara,Transportasi,Jasa Pengiriman Barang,112.294167
Gorontalo,Transportasi,Jasa Pengiriman Barang,105.043333
Sulawesi Barat,Transportasi,Jasa Pengiriman Barang,119.85
Maluku,Transportasi,Jasa Pengiriman Barang,116.364167
Maluku Utara,Transportasi,Jasa Pengiriman Barang,104.896667
Papua Barat,Transportasi,Jasa Pengiriman Barang,120.438333
Papua Barat Daya,Transportasi,Jasa Pengiriman Barang,122.125
Papua,Transportasi,Jasa Pengiriman Barang,106.23
Papua Selatan,Transportasi,Jasa Pengiriman Barang,114.07
Papua Tengah,Transportasi,Jasa Pengiriman Barang,123.804167
Papua Pegunungan,Transportasi,Jasa Pengiriman Barang,105.59
Aceh,Transportasi,Jasa Angkutan Penumpang,102.06
Sumatera Utara,Transportasi,Jasa Angkutan Penumpang,105.086667
Sumatera Barat,Transportasi,Jasa Angkutan Penumpang,112.9675
Riau,Transportasi,Jasa Angkutan Penumpang,115.545833
Jambi,Transportasi,Jasa Angkutan Penumpang,114.2275
Sumatera Selatan,Transportasi,Jasa Angkutan Penumpang,115.121667
Bengkulu,Transportasi,Jasa Angkutan Penumpang,112.0925
Lampung,Transportasi,Jasa Angkutan Penumpang,103.214167
Kepulauan Bangka Belitung,Transportasi,Jasa Angkutan Penumpang,120.0725
Kepulauan Riau,Transportasi,Jasa Angkutan Penumpang,116.150833
Dki Jakarta,Transportasi,Jasa Angkutan Penumpang,108.649167
Jawa Barat,Transportasi,Jasa Angkutan Penumpang,110.595833
Jawa Tengah,Transportasi,Jasa Angkutan Penumpang,111.3
Di Yogyakarta,Transportasi,Jasa Angkutan Penumpang,113.24
Jawa Timur,Transportasi,Jasa Angkutan Penumpang,102.898333
Banten,Transportasi,Jasa Angkutan Penumpang,114.8875
Bali,Transportasi,Jasa Angkutan Penumpang,107.193333
Nusa Tenggara Barat,Transportasi,Jasa Angkutan Penumpang,109.43
Nusa Tenggara Timur,Transportasi,Jasa Angkutan Penumpang,109.19
Kalimantan Barat,Transportasi,Jasa Angkutan Penumpang,121.671667
Kalimantan Tengah,Transportasi,Jasa Angkutan Penumpang,99.969167
Kalimantan Selatan,Transportasi,Jasa Angkutan Penumpang,106.3025
Kalimantan Timur,Transportasi,Jasa Angkutan Penumpang,106.255833
Kalimantan Utara,Transportasi,Jasa Angkutan Penumpang,103.0025
Sulawesi Utara,Transportasi,Jasa Angkutan Penumpang,104.770833
Sulawesi Tengah,Transportasi,Jasa Angkutan Penumpang,102.178333
Sulawesi Selatan,Transportasi,Jasa Angkutan Penumpang,119.546667
Sulawesi Tenggara,Transportasi,Jasa Angkutan Penumpang,111.189167
Gorontalo,Transportasi,Jasa Angkutan Penumpang,100.485
Sulawesi Barat,Transportasi,Jasa Angkutan Penumpang,113.225833
Maluku,Transportasi,Jasa Angkutan Penumpang,107.13
Maluku Utara,Transportasi,Jasa Angkutan Penumpang,106.965833
Papua Barat,Transportasi,Jasa Angkutan Penumpang,115.675833
Papua Barat Daya,Transportasi,Jasa Angkutan Penumpang,126.4925
Papua,Transportasi,Jasa Angkutan Penumpang,99.029167
Papua Selatan,Transportasi,Jasa Angkutan Penumpang,105.4725
Papua Tengah,Transportasi,Jasa Angkutan Penumpang,96.623333
Papua Pegunungan,Transportasi,Jasa Angkutan Penumpang,110.171667
Aceh,Transportasi,Pembelian Kendaraan,109.120833
Sumatera Utara,Transportasi,Pembelian Kendaraan,106.273333
Sumatera Barat,Transportasi,Pembelian Kendaraan,112.770833
Riau,Transportasi,Pembelian Kendaraan,110.349167
Jambi,Transportasi,Pembelian Kendaraan,105.0975
Sumatera Selatan,Transportasi,Pembelian Kendaraan,103.614167
Bengkulu,Transportasi,Pembelian Kendaraan,109.621667
Lampung,Transportasi,Pembelian Kendaraan,107.304167
Kepulauan Bangka Belitung,Transportasi,Pembelian Kendaraan,106.995
Kepulauan Riau,Transportasi,Pembelian Kendaraan,105.608333
Dki Jakarta,Transportasi,Pembelian Kendaraan,100.9525
Jawa Barat,Transportasi,Pembelian Kendaraan,104.1625
Jawa Tengah,Transportasi,Pembelian Kendaraan,108.820833
Di Yogyakarta,Transportasi,Pembelian Kendaraan,105.291667
Jawa Timur,Transportasi,Pembelian Kendaraan,106.561667
Banten,Transportasi,Pembelian Kendaraan,106.249167
Bali,Transportasi,Pembelian Kendaraan,107.1775
Nusa Tenggara Barat,Transportasi,Pembelian Kendaraan,107.72
Nusa Tenggara Timur,Transportasi,Pembelian Kendaraan,112.163333
Kalimantan Barat,Transportasi,Pembelian Kendaraan,108.746667
Kalimantan Tengah,Transportasi,Pembelian Kendaraan,106.794167
Kalimantan Selatan,Transportasi,Pembelian Kendaraan,109.354167
Kalimantan Timur,Transportasi,Pembelian Kendaraan,107.371667
Kalimantan Utara,Transportasi,Pembelian Kendaraan,105.571667
Sulawesi Utara,Transportasi,Pembelian Kendaraan,108.214167
Sulawesi Tengah,Transportasi,Pembelian Kendaraan,107.046667
Sulawesi Selatan,Transportasi,Pembelian Kendaraan,103.1875
Sulawesi Tenggara,Transportasi,Pembelian Kendaraan,110.1725
Gorontalo,Transportasi,Pembelian Kendaraan,106.788333
Sulawesi Barat,Transportasi,Pembelian Kendaraan,103.795833
Maluku,Transportasi,Pembelian Kendaraan,109.805
Maluku Utara,Transportasi,Pembelian Kendaraan,103.89
Papua Barat,Transportasi,Pembelian Kendaraan,110.16
Papua Barat Daya,Transportasi,Pembelian Kendaraan,107.403333
Papua,Transportasi,Pembelian Kendaraan,108.750833
Papua Selatan,Transportasi,Pembelian Kendaraan,107.5175
Papua Tengah,Transportasi,Pembelian Kendaraan,114.443333
Papua Pegunungan,Transportasi,Pembelian Kendaraan,99.831667
Aceh,Transportasi,Pengoperasian Peralatan Transportasi Pribadi,113.544167
Sumatera Utara,Transportasi,Pengoperasian Peralatan Transportasi Pribadi,114.619167
Sumatera Barat,Transportasi,Pengoperasian Peralatan Transportasi Pribadi,113.37
Riau,Transportasi,Pengoperasian Peralatan Transportasi Pribadi,113.710833
Jambi,Transportasi,Pengoperasian Peralatan Transportasi Pribadi,113.495833
Sumatera Selatan,Transportasi,Pengoperasian Peralatan Transportasi Pribadi,112.643333
Bengkulu,Transportasi,Pengoperasian Peralatan Transportasi Pribadi,115.879167
Lampung,Transportasi,Pengoperasian Peralatan Transportasi Pribadi,112.4875
Kepulauan Bangka Belitung,Transportasi,Pengoperasian Peralatan Transportasi Pribadi,113.269167
Kepulauan Riau,Transportasi,Pengoperasian Peralatan Transportasi Pribadi,113.845833
Dki Jakarta,Transportasi,Pengoperasian Peralatan Transportasi Pribadi,109.5325
Jawa Barat,Transportasi,Pengoperasian Peralatan Transportasi Pribadi,112.240833
Jawa Tengah,Transportasi,Pengoperasian Peralatan Transportasi Pribadi,112.013333
Di Yogyakarta,Transportasi,Pengoperasian Peralatan Transportasi Pribadi,113.206667
Jawa Timur,Transportasi,Pengoperasian Peralatan Transportasi Pribadi,112.494167
Banten,Transportasi,Pengoperasian Peralatan Transportasi Pribadi,112.5375
Bali,Transportasi,Pengoperasian Peralatan Transportasi Pribadi,113.230833
Nusa Tenggara Barat,Transportasi,Pengoperasian Peralatan Transportasi Pribadi,113.863333
Nusa Tenggara Timur,Transportasi,Pengoperasian Peralatan Transportasi Pribadi,111.749167
Kalimantan Barat,Transportasi,Pengoperasian Peralatan Transportasi Pribadi,113.300833
Kalimantan Tengah,Transportasi,Pengoperasian Peralatan Transportasi Pribadi,112.723333
Kalimantan Selatan,Transportasi,Pengoperasian Peralatan Transportasi Pribadi,113.338333
Kalimantan Timur,Transportasi,Pengoperasian Peralatan Transportasi Pribadi,113.9175
Kalimantan Utara,Transportasi,Pengoperasian Peralatan Transportasi Pribadi,115.0675
Sulawesi Utara,Transportasi,Pengoperasian Peralatan Transportasi Pribadi,115.466667
Sulawesi Tengah,Transportasi,Pengoperasian Peralatan Transportasi Pribadi,114.26
Sulawesi Selatan,Transportasi,Pengoperasian Peralatan Transportasi Pribadi,113.555833
Sulawesi Tenggara,Transportasi,Pengoperasian Peralatan Transportasi Pribadi,114.74
Gorontalo,Transportasi,Pengoperasian Peralatan Transportasi Pribadi,113.214167
Sulawesi Barat,Transportasi,Pengoperasian Peralatan Transportasi Pribadi,116.170833
Maluku,Transportasi,Pengoperasian Peralatan Transportasi Pribadi,113.603333
Maluku Utara,Transportasi,Pengoperasian Peralatan Transportasi Pribadi,110.1875
Papua Barat,Transportasi,Pengoperasian Peralatan Transportasi Pribadi,108.755
Papua Barat Daya,Transportasi,Pengoperasian Peralatan Transportasi Pribadi,112.216667
Papua,Transportasi,Pengoperasian Peralatan Transportasi Pribadi,112.298333
Papua Selatan,Transportasi,Pengoperasian Peralatan Transportasi Pribadi,113.094167
Papua Tengah,Transportasi,Pengoperasian Peralatan Transportasi Pribadi,113.99
Papua Pegunungan,Transportasi,Pengoperasian Peralatan Transportasi Pribadi,113.116667
Aceh,Kesehatan,Jasa Rawat Jalan,103.964167
Sumatera Utara,Kesehatan,Jasa Rawat Jalan,106.353333
Sumatera Barat,Kesehatan,Jasa Rawat Jalan,108.725
Riau,Kesehatan,Jasa Rawat Jalan,106.14
Jambi,Kesehatan,Jasa Rawat Jalan,101.725
Sumatera Selatan,Kesehatan,Jasa Rawat Jalan,101.9825
Bengkulu,Kesehatan,Jasa Rawat Jalan,106.5675
Lampung,Kesehatan,Jasa Rawat Jalan,105.8275
Kepulauan Bangka Belitung,Kesehatan,Jasa Rawat Jalan,114.491667
Kepulauan Riau,Kesehatan,Jasa Rawat Jalan,102.16
Dki Jakarta,Kesehatan,Jasa Rawat Jalan,105.890833
Jawa Barat,Kesehatan,Jasa Rawat Jalan,107.039167
Jawa Tengah,Kesehatan,Jasa Rawat Jalan,106.250833
Di Yogyakarta,Kesehatan,Jasa Rawat Jalan,106.528333
Jawa Timur,Kesehatan,Jasa Rawat Jalan,107.150833
Banten,Kesehatan,Jasa Rawat Jalan,108.665833
Bali,Kesehatan,Jasa Rawat Jalan,106.9425
Nusa Tenggara Barat,Kesehatan,Jasa Rawat Jalan,102.235833
Nusa Tenggara Timur,Kesehatan,Jasa Rawat Jalan,101.265
Kalimantan Barat,Kesehatan,Jasa Rawat Jalan,105.0975
Kalimantan Tengah,Kesehatan,Jasa Rawat Jalan,105.249167
Kalimantan Selatan,Kesehatan,Jasa Rawat Jalan,108.0075
Kalimantan Timur,Kesehatan,Jasa Rawat Jalan,110.931667
Kalimantan Utara,Kesehatan,Jasa Rawat Jalan,101.995833
Sulawesi Utara,Kesehatan,Jasa Rawat Jalan,102.985
Sulawesi Tengah,Kesehatan,Jasa Rawat Jalan,103.4175
Sulawesi Selatan,Kesehatan,Jasa Rawat Jalan,104.888333
Sulawesi Tenggara,Kesehatan,Jasa Rawat Jalan,115.315
Gorontalo,Kesehatan,Jasa Rawat Jalan,105.555
Sulawesi Barat,Kesehatan,Jasa Rawat Jalan,108.813333
Maluku,Kesehatan,Jasa Rawat Jalan,109.514167
Maluku Utara,Kesehatan,Jasa Rawat Jalan,102.23
Papua Barat,Kesehatan,Jasa Rawat Jalan,100.0
Papua Barat Daya,Kesehatan,Jasa Rawat Jalan,103.765
Papua,Kesehatan,Jasa Rawat Jalan,100.0
Papua Selatan,Kesehatan,Jasa Rawat Jalan,109.13
Papua Tengah,Kesehatan,Jasa Rawat Jalan,104.409167
Papua Pegunungan,Kesehatan,Jasa Rawat Jalan,108.7
Aceh,"Rekreasi, Olahraga dan Budaya",Layanan Rekreasi dan Olahraga,109.11
Sumatera Utara,"Rekreasi, Olahraga dan Budaya",Layanan Rekreasi dan Olahraga,101.903333
Sumatera Barat,"Rekreasi, Olahraga dan Budaya",Layanan Rekreasi dan Olahraga,104.32
Riau,"Rekreasi, Olahraga dan Budaya",Layanan Rekreasi dan Olahraga,101.79
Jambi,"Rekreasi, Olahraga dan Budaya",Layanan Rekreasi dan Olahraga,114.87
Sumatera Selatan,"Rekreasi, Olahraga dan Budaya",Layanan Rekreasi dan Olahraga,101.0625
Bengkulu,"Rekreasi, Olahraga dan Budaya",Layanan Rekreasi dan Olahraga,100.0
Lampung,"Rekreasi, Olahraga dan Budaya",Layanan Rekreasi dan Olahraga,101.29
Kepulauan Bangka Belitung,"Rekreasi, Olahraga dan Budaya",Layanan Rekreasi dan Olahraga,100.75
Kepulauan Riau,"Rekreasi, Olahraga dan Budaya",Layanan Rekreasi dan Olahraga,100.0375
Dki Jakarta,"Rekreasi, Olahraga dan Budaya",Layanan Rekreasi dan Olahraga,101.090833
Jawa Barat,"Rekreasi, Olahraga dan Budaya",Layanan Rekreasi dan Olahraga,111.0325
Jawa Tengah,"Rekreasi, Olahraga dan Budaya",Layanan Rekreasi dan Olahraga,105.534167
Di Yogyakarta,"Rekreasi, Olahraga dan Budaya",Layanan Rekreasi dan Olahraga,103.05
Jawa Timur,"Rekreasi, Olahraga dan Budaya",Layanan Rekreasi dan Olahraga,102.085833
Banten,"Rekreasi, Olahraga dan Budaya",Layanan Rekreasi dan Olahraga,108.85
Bali,"Rekreasi, Olahraga dan Budaya",Layanan Rekreasi dan Olahraga,107.948333
Nusa Tenggara Barat,"Rekreasi, Olahraga dan Budaya",Layanan Rekreasi dan Olahraga,110.91
Nusa Tenggara Timur,"Rekreasi, Olahraga dan Budaya",Layanan Rekreasi dan Olahraga,100.0
Kalimantan Barat,"Rekreasi, Olahraga dan Budaya",Layanan Rekreasi dan Olahraga,104.406667
Kalimantan Tengah,"Rekreasi, Olahraga dan Budaya",Layanan Rekreasi dan Olahraga,104.616667
Kalimantan Selatan,"Rekreasi, Olahraga dan Budaya",Layanan Rekreasi dan Olahraga,107.7
Kalimantan Timur,"Rekreasi, Olahraga dan Budaya",Layanan Rekreasi dan Olahraga,105.469167
Kalimantan Utara,"Rekreasi, Olahraga dan Budaya",Layanan Rekreasi dan Olahraga,100.0
Sulawesi Utara,"Rekreasi, Olahraga dan Budaya",Layanan Rekreasi dan Olahraga,100.0
Sulawesi Tengah,"Rekreasi, Olahraga dan Budaya",Layanan Rekreasi dan Olahraga,103.588333
Sulawesi Selatan,"Rekreasi, Olahraga dan Budaya",Layanan Rekreasi dan Olahraga,100.42
Sulawesi Tenggara,"Rekreasi, Olahraga dan Budaya",Layanan Rekreasi dan Olahraga,103.62
Gorontalo,"Rekreasi, Olahraga dan Budaya",Layanan Rekreasi dan Olahraga,100.085
Sulawesi Barat,"Rekreasi, Olahraga dan Budaya",Layanan Rekreasi dan Olahraga,100.0
Maluku,"Rekreasi, Olahraga dan Budaya",Layanan Rekreasi dan Olahraga,112.0925
Maluku Utara,"Rekreasi, Olahraga dan Budaya",Layanan Rekreasi dan Olahraga,100.0
Papua Barat,"Rekreasi, Olahraga dan Budaya",Layanan Rekreasi dan Olahraga,100.0
Papua Barat Daya,"Rekreasi, Olahraga dan Budaya",Layanan Rekreasi dan Olahraga,100.0
Papua,"Rekreasi, Olahraga dan Budaya",Layanan Rekreasi dan Olahraga,101.666667
Papua Selatan,"Rekreasi, Olahraga dan Budaya",Layanan Rekreasi dan Olahraga,106.16
Papua Tengah,"Rekreasi, Olahraga dan Budaya",Layanan Rekreasi dan Olahraga,116.993333
Papua Pegunungan,"Rekreasi, Olahraga dan Budaya",Layanan Rekreasi dan Olahraga,100.0
Aceh,Pendidikan,Pendidikan Dasar dan Anak Usia Dini,108.290833
Sumatera Utara,Pendidikan,Pendidikan Dasar dan Anak Usia Dini,103.235833
Sumatera Barat,Pendidikan,Pendidikan Dasar dan Anak Usia Dini,111.76
Riau,Pendidikan,Pendidikan Dasar dan Anak Usia Dini,108.875833
Jambi,Pendidikan,Pendidikan Dasar dan Anak Usia Dini,108.821667
Sumatera Selatan,Pendidikan,Pendidikan Dasar dan Anak Usia Dini,105.6125
Bengkulu,Pendidikan,Pendidikan Dasar dan Anak Usia Dini,105.7775
Lampung,Pendidikan,Pendidikan Dasar dan Anak Usia Dini,108.951667
Kepulauan Bangka Belitung,Pendidikan,Pendidikan Dasar dan Anak Usia Dini,102.860833
Kepulauan Riau,Pendidikan,Pendidikan Dasar dan Anak Usia Dini,104.53
Dki Jakarta,Pendidikan,Pendidikan Dasar dan Anak Usia Dini,107.1375
Jawa Barat,Pendidikan,Pendidikan Dasar dan Anak Usia Dini,106.2225
Jawa Tengah,Pendidikan,Pendidikan Dasar dan Anak Usia Dini,107.143333
Di Yogyakarta,Pendidikan,Pendidikan Dasar dan Anak Usia Dini,108.410833
Jawa Timur,Pendidikan,Pendidikan Dasar dan Anak Usia Dini,110.160833
Banten,Pendidikan,Pendidikan Dasar dan Anak Usia Dini,104.113333
Bali,Pendidikan,Pendidikan Dasar dan Anak Usia Dini,110.504167
Nusa Tenggara Barat,Pendidikan,Pendidikan Dasar dan Anak Usia Dini,102.07
Nusa Tenggara Timur,Pendidikan,Pendidikan Dasar dan Anak Usia Dini,104.291667
Kalimantan Barat,Pendidikan,Pendidikan Dasar dan Anak Usia Dini,108.1625
Kalimantan Tengah,Pendidikan,Pendidikan Dasar dan Anak Usia Dini,109.373333
Kalimantan Selatan,Pendidikan,Pendidikan Dasar dan Anak Usia Dini,111.495833
Kalimantan Timur,Pendidikan,Pendidikan Dasar dan Anak Usia Dini,109.259167
Kalimantan Utara,Pendidikan,Pendidikan Dasar dan Anak Usia Dini,102.731667
Sulawesi Utara,Pendidikan,Pendidikan Dasar dan Anak Usia Dini,104.419167
Sulawesi Tengah,Pendidikan,Pendidikan Dasar dan Anak Usia Dini,106.893333
Sulawesi Selatan,Pendidikan,Pendidikan Dasar dan Anak Usia Dini,106.503333
Sulawesi Tenggara,Pendidikan,Pendidikan Dasar dan Anak Usia Dini,117.729167
Gorontalo,Pendidikan,Pendidikan Dasar dan Anak Usia Dini,107.408333
Sulawesi Barat,Pendidikan,Pendidikan Dasar dan Anak Usia Dini,110.045
Maluku,Pendidikan,Pendidikan Dasar dan Anak Usia Dini,112.798333
Maluku Utara,Pendidikan,Pendidikan Dasar dan Anak Usia Dini,108.715
Papua Barat,Pendidikan,Pendidikan Dasar dan Anak Usia Dini,114.276667
Papua Barat Daya,Pendidikan,Pendidikan Dasar dan Anak Usia Dini,98.648333
Papua,Pendidikan,Pendidikan Dasar dan Anak Usia Dini,108.244167
Papua Selatan,Pendidikan,Pendidikan Dasar dan Anak Usia Dini,92.9175
Papua Tengah,Pendidikan,Pendidikan Dasar dan Anak Usia Dini,102.606667
Papua Pegunungan,Pendidikan,Pendidikan Dasar dan Anak Usia Dini,100.724167
Aceh,"Rekreasi, Olahraga dan Budaya","Koran, Buku dan Perlengkapan Sekolah",109.06
Sumatera Utara,"Rekreasi, Olahraga dan Budaya","Koran, Buku dan Perlengkapan Sekolah",109.024167
Sumatera Barat,"Rekreasi, Olahraga dan Budaya","Koran, Buku dan Perlengkapan Sekolah",104.615
Riau,"Rekreasi, Olahraga dan Budaya","Koran, Buku dan Perlengkapan Sekolah",107.82
Jambi,"Rekreasi, Olahraga dan Budaya","Koran, Buku dan Perlengkapan Sekolah",106.364167
Sumatera Selatan,"Rekreasi, Olahraga dan Budaya","Koran, Buku dan Perlengkapan Sekolah",109.525
Bengkulu,"Rekreasi, Olahraga dan Budaya","Koran, Buku dan Perlengkapan Sekolah",104.773333
Lampung,"Rekreasi, Olahraga dan Budaya","Koran, Buku dan Perlengkapan Sekolah",108.713333
Kepulauan Bangka Belitung,"Rekreasi, Olahraga dan Budaya","Koran, Buku dan Perlengkapan Sekolah",110.784167
Kepulauan Riau,"Rekreasi, Olahraga dan Budaya","Koran, Buku dan Perlengkapan Sekolah",103.393333
Dki Jakarta,"Rekreasi, Olahraga dan Budaya","Koran, Buku dan Perlengkapan Sekolah",106.7575
Jawa Barat,"Rekreasi, Olahraga dan Budaya","Koran, Buku dan Perlengkapan Sekolah",104.7275
Jawa Tengah,"Rekreasi, Olahraga dan Budaya","Koran, Buku dan Perlengkapan Sekolah",105.645833
Di Yogyakarta,"Rekreasi, Olahraga dan Budaya","Koran, Buku dan Perlengkapan Sekolah",106.990833
Jawa Timur,"Rekreasi, Olahraga dan Budaya","Koran, Buku dan Perlengkapan Sekolah",105.5625
Banten,"Rekreasi, Olahraga dan Budaya","Koran, Buku dan Perlengkapan Sekolah",105.005
Bali,"Rekreasi, Olahraga dan Budaya","Koran, Buku dan Perlengkapan Sekolah",108.35
Nusa Tenggara Barat,"Rekreasi, Olahraga dan Budaya","Koran, Buku dan Perlengkapan Sekolah",107.765
Nusa Tenggara Timur,"Rekreasi, Olahraga dan Budaya","Koran, Buku dan Perlengkapan Sekolah",98.135833
Kalimantan Barat,"Rekreasi, Olahraga dan Budaya","Koran, Buku dan Perlengkapan Sekolah",107.6275
Kalimantan Tengah,"Rekreasi, Olahraga dan Budaya","Koran, Buku dan Perlengkapan Sekolah",107.654167
Kalimantan Selatan,"Rekreasi, Olahraga dan Budaya","Koran, Buku dan Perlengkapan Sekolah",110.051667
Kalimantan Timur,"Rekreasi, Olahraga dan Budaya","Koran, Buku dan Perlengkapan Sekolah",106.99
Kalimantan Utara,"Rekreasi, Olahraga dan Budaya","Koran, Buku dan Perlengkapan Sekolah",104.871667
Sulawesi Utara,"Rekreasi, Olahraga dan Budaya","Koran, Buku dan Perlengkapan Sekolah",102.171667
Sulawesi Tengah,"Rekreasi, Olahraga dan Budaya","Koran, Buku dan Perlengkapan Sekolah",106.324167
Sulawesi Selatan,"Rekreasi, Olahraga dan Budaya","Koran, Buku dan Perlengkapan Sekolah",105.473333
Sulawesi Tenggara,"Rekreasi, Olahraga dan Budaya","Koran, Buku dan Perlengkapan Sekolah",106.33
Gorontalo,"Rekreasi, Olahraga dan Budaya","Koran, Buku dan Perlengkapan Sekolah",102.935833
Sulawesi Barat,"Rekreasi, Olahraga dan Budaya","Koran, Buku dan Perlengkapan Sekolah",114.13
Maluku,"Rekreasi, Olahraga dan Budaya","Koran, Buku dan Perlengkapan Sekolah",102.4375
Maluku Utara,"Rekreasi, Olahraga dan Budaya","Koran, Buku dan Perlengkapan Sekolah",108.47
Papua Barat,"Rekreasi, Olahraga dan Budaya","Koran, Buku dan Perlengkapan Sekolah",118.425833
Papua Barat Daya,"Rekreasi, Olahraga dan Budaya","Koran, Buku dan Perlengkapan Sekolah",113.595
Papua,"Rekreasi, Olahraga dan Budaya","Koran, Buku dan Perlengkapan Sekolah",103.055
Papua Selatan,"Rekreasi, Olahraga dan Budaya","Koran, Buku dan Perlengkapan Sekolah",110.426667
Papua Tengah,"Rekreasi, Olahraga dan Budaya","Koran, Buku dan Perlengkapan Sekolah",106.045833
Papua Pegunungan,"Rekreasi, Olahraga dan Budaya","Koran, Buku dan Perlengkapan Sekolah",109.921667
Aceh,"Informasi, Komunikasi dan Jasa Keuangan",Jasa Keuangan,100.0
Sumatera Utara,"Informasi, Komunikasi dan Jasa Keuangan",Jasa Keuangan,100.163333
Sumatera Barat,"Informasi, Komunikasi dan Jasa Keuangan",Jasa Keuangan,100.103333
Riau,"Informasi, Komunikasi dan Jasa Keuangan",Jasa Keuangan,100.096667
Jambi,"Informasi, Komunikasi dan Jasa Keuangan",Jasa Keuangan,100.113333
Sumatera Selatan,"Informasi, Komunikasi dan Jasa Keuangan",Jasa Keuangan,100.073333
Bengkulu,"Informasi, Komunikasi dan Jasa Keuangan",Jasa Keuangan,100.163333
Lampung,"Informasi, Komunikasi dan Jasa Keuangan",Jasa Keuangan,100.013333
Kepulauan Bangka Belitung,"Informasi, Komunikasi dan Jasa Keuangan",Jasa Keuangan,100.163333
Kepulauan Riau,"Informasi, Komunikasi dan Jasa Keuangan",Jasa Keuangan,100.113333
Dki Jakarta,"Informasi, Komunikasi dan Jasa Keuangan",Jasa Keuangan,100.07
Jawa Barat,"Informasi, Komunikasi dan Jasa Keuangan",Jasa Keuangan,100.066667
Jawa Tengah,"Informasi, Komunikasi dan Jasa Keuangan",Jasa Keuangan,100.156667
Di Yogyakarta,"Informasi, Komunikasi dan Jasa Keuangan",Jasa Keuangan,100.14
Jawa Timur,"Informasi, Komunikasi dan Jasa Keuangan",Jasa Keuangan,100.1
Banten,"Informasi, Komunikasi dan Jasa Keuangan",Jasa Keuangan,100.036667
Bali,"Informasi, Komunikasi dan Jasa Keuangan",Jasa Keuangan,100.1
Nusa Tenggara Barat,"Informasi, Komunikasi dan Jasa Keuangan",Jasa Keuangan,100.0
Nusa Tenggara Timur,"Informasi, Komunikasi dan Jasa Keuangan",Jasa Keuangan,100.126667
Kalimantan Barat,"Informasi, Komunikasi dan Jasa Keuangan",Jasa Keuangan,100.0
Kalimantan Tengah,"Informasi, Komunikasi dan Jasa Keuangan",Jasa Keuangan,100.073333
Kalimantan Selatan,"Informasi, Komunikasi dan Jasa Keuangan",Jasa Keuangan,100.0
Kalimantan Timur,"Informasi, Komunikasi dan Jasa Keuangan",Jasa Keuangan,100.143333
Kalimantan Utara,"Informasi, Komunikasi dan Jasa Keuangan",Jasa Keuangan,100.116667
Sulawesi Utara,"Informasi, Komunikasi dan Jasa Keuangan",Jasa Keuangan,100.106667
Sulawesi Tengah,"Informasi, Komunikasi dan Jasa Keuangan",Jasa Keuangan,100.09
Sulawesi Selatan,"Informasi, Komunikasi dan Jasa Keuangan",Jasa Keuangan,100.124167
Sulawesi Tenggara,"Informasi, Komunikasi dan Jasa Keuangan",Jasa Keuangan,100.136667
Gorontalo,"Informasi, Komunikasi dan Jasa Keuangan",Jasa Keuangan,100.0
Sulawesi Barat,"Informasi, Komunikasi dan Jasa Keuangan",Jasa Keuangan,100.046667
Maluku,"Informasi, Komunikasi dan Jasa Keuangan",Jasa Keuangan,100.146667
Maluku Utara,"Informasi, Komunikasi dan Jasa Keuangan",Jasa Keuangan,100.0
Papua Barat,"Informasi, Komunikasi dan Jasa Keuangan",Jasa Keuangan,100.03
Papua Barat Daya,"Informasi, Komunikasi dan Jasa Keuangan",Jasa Keuangan,100.126667
Papua,"Informasi, Komunikasi dan Jasa Keuangan",Jasa Keuangan,100.143333
Papua Selatan,"Informasi, Komunikasi dan Jasa Keuangan",Jasa Keuangan,100.183333
Papua Tengah,"Informasi, Komunikasi dan Jasa Keuangan",Jasa Keuangan,100.066667
Papua Pegunungan,"Informasi, Komunikasi dan Jasa Keuangan",Jasa Keuangan,100.0
Aceh,Pendidikan,Pendidikan Menengah,97.538333
Sumatera Utara,Pendidikan,Pendidikan Menengah,102.838333
Sumatera Barat,Pendidikan,Pendidikan Menengah,106.323333
Riau,Pendidikan,Pendidikan Menengah,101.745
Jambi,Pendidikan,Pendidikan Menengah,101.02
Sumatera Selatan,Pendidikan,Pendidikan Menengah,104.94
Bengkulu,Pendidikan,Pendidikan Menengah,75.1925
Lampung,Pendidikan,Pendidikan Menengah,89.779167
Kepulauan Bangka Belitung,Pendidikan,Pendidikan Menengah,74.4825
Kepulauan Riau,Pendidikan,Pendidikan Menengah,89.6425
Dki Jakarta,Pendidikan,Pendidikan Menengah,108.265833
Jawa Barat,Pendidikan,Pendidikan Menengah,107.170833
Jawa Tengah,Pendidikan,Pendidikan Menengah,104.061667
Di Yogyakarta,Pendidikan,Pendidikan Menengah,103.735833
Jawa Timur,Pendidikan,Pendidikan Menengah,102.555833
Banten,Pendidikan,Pendidikan Menengah,96.926667
Bali,Pendidikan,Pendidikan Menengah,108.1325
Nusa Tenggara Barat,Pendidikan,Pendidikan Menengah,109.055
Nusa Tenggara Timur,Pendidikan,Pendidikan Menengah,103.733333
Kalimantan Barat,Pendidikan,Pendidikan Menengah,103.275833
Kalimantan Tengah,Pendidikan,Pendidikan Menengah,108.488333
Kalimantan Selatan,Pendidikan,Pendidikan Menengah,107.288333
Kalimantan Timur,Pendidikan,Pendidikan Menengah,103.278333
Kalimantan Utara,Pendidikan,Pendidikan Menengah,100.745
Sulawesi Utara,Pendidikan,Pendidikan Menengah,105.021667
Sulawesi Tengah,Pendidikan,Pendidikan Menengah,101.0625
Sulawesi Selatan,Pendidikan,Pendidikan Menengah,101.470833
Sulawesi Tenggara,Pendidikan,Pendidikan Menengah,112.931667
Gorontalo,Pendidikan,Pendidikan Menengah,101.476667
Sulawesi Barat,Pendidikan,Pendidikan Menengah,100.275
Maluku,Pendidikan,Pendidikan Menengah,104.6025
Maluku Utara,Pendidikan,Pendidikan Menengah,67.178333
Papua Barat,Pendidikan,Pendidikan Menengah,111.905833
Papua Barat Daya,Pendidikan,Pendidikan Menengah,94.796667
Papua,Pendidikan,Pendidikan Menengah,123.769167
Papua Selatan,Pendidikan,Pendidikan Menengah,97.344167
Papua Tengah,Pendidikan,Pendidikan Menengah,100.880833
Papua Pegunungan,Pendidikan,Pendidikan Menengah,104.295
Aceh,Penyediaan Makanan dan Minuman / Restoran,Jasa Pelayanan Makanan dan Minuman,107.918333
Sumatera Utara,Penyediaan Makanan dan Minuman / Restoran,Jasa Pelayanan Makanan dan Minuman,106.7825
Sumatera Barat,Penyediaan Makanan dan Minuman / Restoran,Jasa Pelayanan Makanan dan Minuman,107.460833
Riau,Penyediaan Makanan dan Minuman / Restoran,Jasa Pelayanan Makanan dan Minuman,112.7275
Jambi,Penyediaan Makanan dan Minuman / Restoran,Jasa Pelayanan Makanan dan Minuman,107.515
Sumatera Selatan,Penyediaan Makanan dan Minuman / Restoran,Jasa Pelayanan Makanan dan Minuman,106.860833
Bengkulu,Penyediaan Makanan dan Minuman / Restoran,Jasa Pelayanan Makanan dan Minuman,106.829167
Lampung,Penyediaan Makanan dan Minuman / Restoran,Jasa Pelayanan Makanan dan Minuman,104.2525
Kepulauan Bangka Belitung,Penyediaan Makanan dan Minuman / Restoran,Jasa Pelayanan Makanan dan Minuman,104.966667
Kepulauan Riau,Penyediaan Makanan dan Minuman / Restoran,Jasa Pelayanan Makanan dan Minuman,105.211667
Dki Jakarta,Penyediaan Makanan dan Minuman / Restoran,Jasa Pelayanan Makanan dan Minuman,106.349167
Jawa Barat,Penyediaan Makanan dan Minuman / Restoran,Jasa Pelayanan Makanan dan Minuman,108.488333
Jawa Tengah,Penyediaan Makanan dan Minuman / Restoran,Jasa Pelayanan Makanan dan Minuman,107.5075
Di Yogyakarta,Penyediaan Makanan dan Minuman / Restoran,Jasa Pelayanan Makanan dan Minuman,106.8525
Jawa Timur,Penyediaan Makanan dan Minuman / Restoran,Jasa Pelayanan Makanan dan Minuman,108.685
Banten,Penyediaan Makanan dan Minuman / Restoran,Jasa Pelayanan Makanan dan Minuman,108.416667
Bali,Penyediaan Makanan dan Minuman / Restoran,Jasa Pelayanan Makanan dan Minuman,108.521667
Nusa Tenggara Barat,Penyediaan Makanan dan Minuman / Restoran,Jasa Pelayanan Makanan dan Minuman,107.61
Nusa Tenggara Timur,Penyediaan Makanan dan Minuman / Restoran,Jasa Pelayanan Makanan dan Minuman,110.278333
Kalimantan Barat,Penyediaan Makanan dan Minuman / Restoran,Jasa Pelayanan Makanan dan Minuman,105.221667
Kalimantan Tengah,Penyediaan Makanan dan Minuman / Restoran,Jasa Pelayanan Makanan dan Minuman,107.7275
Kalimantan Selatan,Penyediaan Makanan dan Minuman / Restoran,Jasa Pelayanan Makanan dan Minuman,106.375833
Kalimantan Timur,Penyediaan Makanan dan Minuman / Restoran,Jasa Pelayanan Makanan dan Minuman,107.614167
Kalimantan Utara,Penyediaan Makanan dan Minuman / Restoran,Jasa Pelayanan Makanan dan Minuman,108.074167
Sulawesi Utara,Penyediaan Makanan dan Minuman / Restoran,Jasa Pelayanan Makanan dan Minuman,107.100833
Sulawesi Tengah,Penyediaan Makanan dan Minuman / Restoran,Jasa Pelayanan Makanan dan Minuman,109.03
Sulawesi Selatan,Penyediaan Makanan dan Minuman / Restoran,Jasa Pelayanan Makanan dan Minuman,107.154167
Sulawesi Tenggara,Penyediaan Makanan dan Minuman / Restoran,Jasa Pelayanan Makanan dan Minuman,107.300833
Gorontalo,Penyediaan Makanan dan Minuman / Restoran,Jasa Pelayanan Makanan dan Minuman,109.280833
Sulawesi Barat,Penyediaan Makanan dan Minuman / Restoran,Jasa Pelayanan Makanan dan Minuman,113.2
Maluku,Penyediaan Makanan dan Minuman / Restoran,Jasa Pelayanan Makanan dan Minuman,114.604167
Maluku Utara,Penyediaan Makanan dan Minuman / Restoran,Jasa Pelayanan Makanan dan Minuman,109.400833
Papua Barat,Penyediaan Makanan dan Minuman / Restoran,Jasa Pelayanan Makanan dan Minuman,113.039167
Papua Barat Daya,Penyediaan Makanan dan Minuman / Restoran,Jasa Pelayanan Makanan dan Minuman,108.390833
Papua,Penyediaan Makanan dan Minuman / Restoran,Jasa Pelayanan Makanan dan Minuman,103.33
Papua Selatan,Penyediaan Makanan dan Minuman / Restoran,Jasa Pelayanan Makanan dan Minuman,114.089167
Papua Tengah,Penyediaan Makanan dan Minuman / Restoran,Jasa Pelayanan Makanan dan Minuman,116.831667
Papua Pegunungan,Penyediaan Makanan dan Minuman / Restoran,Jasa Pelayanan Makanan dan Minuman,104.53
Aceh,Pendidikan,Pendidikan Tinggi,101.056667
Sumatera Utara,Pendidikan,Pendidikan Tinggi,107.3075
Sumatera Barat,Pendidikan,Pendidikan Tinggi,106.113333
Riau,Pendidikan,Pendidikan Tinggi,104.643333
Jambi,Pendidikan,Pendidikan Tinggi,101.643333
Sumatera Selatan,Pendidikan,Pendidikan Tinggi,105.386667
Bengkulu,Pendidikan,Pendidikan Tinggi,103.625
Lampung,Pendidikan,Pendidikan Tinggi,117.11
Kepulauan Bangka Belitung,Pendidikan,Pendidikan Tinggi,110.496667
Kepulauan Riau,Pendidikan,Pendidikan Tinggi,112.313333
Dki Jakarta,Pendidikan,Pendidikan Tinggi,101.183333
Jawa Barat,Pendidikan,Pendidikan Tinggi,105.596667
Jawa Tengah,Pendidikan,Pendidikan Tinggi,104.521667
Di Yogyakarta,Pendidikan,Pendidikan Tinggi,105.466667
Jawa Timur,Pendidikan,Pendidikan Tinggi,106.511667
Banten,Pendidikan,Pendidikan Tinggi,101.4725
Bali,Pendidikan,Pendidikan Tinggi,106.368333
Nusa Tenggara Barat,Pendidikan,Pendidikan Tinggi,107.575833
Nusa Tenggara Timur,Pendidikan,Pendidikan Tinggi,100.085
Kalimantan Barat,Pendidikan,Pendidikan Tinggi,102.98
Kalimantan Tengah,Pendidikan,Pendidikan Tinggi,103.871667
Kalimantan Selatan,Pendidikan,Pendidikan Tinggi,104.23
Kalimantan Timur,Pendidikan,Pendidikan Tinggi,101.956667
Kalimantan Utara,Pendidikan,Pendidikan Tinggi,100.04
Sulawesi Utara,Pendidikan,Pendidikan Tinggi,106.050833
Sulawesi Tengah,Pendidikan,Pendidikan Tinggi,107.051667
Sulawesi Selatan,Pendidikan,Pendidikan Tinggi,105.0125
Sulawesi Tenggara,Pendidikan,Pendidikan Tinggi,107.033333
Gorontalo,Pendidikan,Pendidikan Tinggi,102.105
Sulawesi Barat,Pendidikan,Pendidikan Tinggi,105.375833
Maluku,Pendidikan,Pendidikan Tinggi,100.79
Maluku Utara,Pendidikan,Pendidikan Tinggi,101.1
Papua Barat,Pendidikan,Pendidikan Tinggi,102.554167
Papua Barat Daya,Pendidikan,Pendidikan Tinggi,101.1
Papua,Pendidikan,Pendidikan Tinggi,118.408333
Papua Selatan,Pendidikan,Pendidikan Tinggi,114.64
Papua Tengah,Pendidikan,Pendidikan Tinggi,100.38
Papua Pegunungan,Pendidikan,Pendidikan Tinggi,103.3825
Aceh,Perawatan Pribadi dan Jasa Lainnya,Perawatan Pribadi Lainnya,148.2525
Sumatera Utara,Perawatan Pribadi dan Jasa Lainnya,Perawatan Pribadi Lainnya,160.435
Sumatera Barat,Perawatan Pribadi dan Jasa Lainnya,Perawatan Pribadi Lainnya,153.221667
Riau,Perawatan Pribadi dan Jasa Lainnya,Perawatan Pribadi Lainnya,156.846667
Jambi,Perawatan Pribadi dan Jasa Lainnya,Perawatan Pribadi Lainnya,143.314167
Sumatera Selatan,Perawatan Pribadi dan Jasa Lainnya,Perawatan Pribadi Lainnya,158.9025
Bengkulu,Perawatan Pribadi dan Jasa Lainnya,Perawatan Pribadi Lainnya,136.298333
Lampung,Perawatan Pribadi dan Jasa Lainnya,Perawatan Pribadi Lainnya,142.520833
Kepulauan Bangka Belitung,Perawatan Pribadi dan Jasa Lainnya,Perawatan Pribadi Lainnya,127.863333
Kepulauan Riau,Perawatan Pribadi dan Jasa Lainnya,Perawatan Pribadi Lainnya,166.285833
Dki Jakarta,Perawatan Pribadi dan Jasa Lainnya,Perawatan Pribadi Lainnya,150.668333
Jawa Barat,Perawatan Pribadi dan Jasa Lainnya,Perawatan Pribadi Lainnya,158.048333
Jawa Tengah,Perawatan Pribadi dan Jasa Lainnya,Perawatan Pribadi Lainnya,142.2025
Di Yogyakarta,Perawatan Pribadi dan Jasa Lainnya,Perawatan Pribadi Lainnya,153.178333
Jawa Timur,Perawatan Pribadi dan Jasa Lainnya,Perawatan Pribadi Lainnya,158.8575
Banten,Perawatan Pribadi dan Jasa Lainnya,Perawatan Pribadi Lainnya,145.884167
Bali,Perawatan Pribadi dan Jasa Lainnya,Perawatan Pribadi Lainnya,112.695
Nusa Tenggara Barat,Perawatan Pribadi dan Jasa Lainnya,Perawatan Pribadi Lainnya,163.066667
Nusa Tenggara Timur,Perawatan Pribadi dan Jasa Lainnya,Perawatan Pribadi Lainnya,150.994167
Kalimantan Barat,Perawatan Pribadi dan Jasa Lainnya,Perawatan Pribadi Lainnya,128.083333
Kalimantan Tengah,Perawatan Pribadi dan Jasa Lainnya,Perawatan Pribadi Lainnya,149.4025
Kalimantan Selatan,Perawatan Pribadi dan Jasa Lainnya,Perawatan Pribadi Lainnya,166.038333
Kalimantan Timur,Perawatan Pribadi dan Jasa Lainnya,Perawatan Pribadi Lainnya,144.595
Kalimantan Utara,Perawatan Pribadi dan Jasa Lainnya,Perawatan Pribadi Lainnya,143.300833
Sulawesi Utara,Perawatan Pribadi dan Jasa Lainnya,Perawatan Pribadi Lainnya,140.778333
Sulawesi Tengah,Perawatan Pribadi dan Jasa Lainnya,Perawatan Pribadi Lainnya,149.055
Sulawesi Selatan,Perawatan Pribadi dan Jasa Lainnya,Perawatan Pribadi Lainnya,151.613333
Sulawesi Tenggara,Perawatan Pribadi dan Jasa Lainnya,Perawatan Pribadi Lainnya,131.949167
Gorontalo,Perawatan Pribadi dan Jasa Lainnya,Perawatan Pribadi Lainnya,137.086667
Sulawesi Barat,Perawatan Pribadi dan Jasa Lainnya,Perawatan Pribadi Lainnya,124.149167
Maluku,Perawatan Pribadi dan Jasa Lainnya,Perawatan Pribadi Lainnya,143.069167
Maluku Utara,Perawatan Pribadi dan Jasa Lainnya,Perawatan Pribadi Lainnya,136.5225
Papua Barat,Perawatan Pribadi dan Jasa Lainnya,Perawatan Pribadi Lainnya,127.395833
Papua Barat Daya,Perawatan Pribadi dan Jasa Lainnya,Perawatan Pribadi Lainnya,123.6275
Papua,Perawatan Pribadi dan Jasa Lainnya,Perawatan Pribadi Lainnya,140.096667
Papua Selatan,Perawatan Pribadi dan Jasa Lainnya,Perawatan Pribadi Lainnya,161.496667
Papua Tengah,Perawatan Pribadi dan Jasa Lainnya,Perawatan Pribadi Lainnya,161.3025
Papua Pegunungan,Perawatan Pribadi dan Jasa Lainnya,Perawatan Pribadi Lainnya,114.246667
Aceh,Perawatan Pribadi dan Jasa Lainnya,Perawatan Pribadi,104.989167
Sumatera Utara,Perawatan Pribadi dan Jasa Lainnya,Perawatan Pribadi,108.240833
Sumatera Barat,Perawatan Pribadi dan Jasa Lainnya,Perawatan Pribadi,106.6775
Riau,Perawatan Pribadi dan Jasa Lainnya,Perawatan Pribadi,107.723333
Jambi,Perawatan Pribadi dan Jasa Lainnya,Perawatan Pribadi,108.9375
Sumatera Selatan,Perawatan Pribadi dan Jasa Lainnya,Perawatan Pribadi,105.166667
Bengkulu,Perawatan Pribadi dan Jasa Lainnya,Perawatan Pribadi,106.551667
Lampung,Perawatan Pribadi dan Jasa Lainnya,Perawatan Pribadi,103.6575
Kepulauan Bangka Belitung,Perawatan Pribadi dan Jasa Lainnya,Perawatan Pribadi,104.700833
Kepulauan Riau,Perawatan Pribadi dan Jasa Lainnya,Perawatan Pribadi,107.091667
Dki Jakarta,Perawatan Pribadi dan Jasa Lainnya,Perawatan Pribadi,108.415833
Jawa Barat,Perawatan Pribadi dan Jasa Lainnya,Perawatan Pribadi,111.175833
Jawa Tengah,Perawatan Pribadi dan Jasa Lainnya,Perawatan Pribadi,109.123333
Di Yogyakarta,Perawatan Pribadi dan Jasa Lainnya,Perawatan Pribadi,108.831667
Jawa Timur,Perawatan Pribadi dan Jasa Lainnya,Perawatan Pribadi,108.169167
Banten,Perawatan Pribadi dan Jasa Lainnya,Perawatan Pribadi,109.669167
Bali,Perawatan Pribadi dan Jasa Lainnya,Perawatan Pribadi,109.966667
Nusa Tenggara Barat,Perawatan Pribadi dan Jasa Lainnya,Perawatan Pribadi,103.811667
Nusa Tenggara Timur,Perawatan Pribadi dan Jasa Lainnya,Perawatan Pribadi,104.8975
Kalimantan Barat,Perawatan Pribadi dan Jasa Lainnya,Perawatan Pribadi,108.5
Kalimantan Tengah,Perawatan Pribadi dan Jasa Lainnya,Perawatan Pribadi,104.5625
Kalimantan Selatan,Perawatan Pribadi dan Jasa Lainnya,Perawatan Pribadi,111.348333
Kalimantan Timur,Perawatan Pribadi dan Jasa Lainnya,Perawatan Pribadi,105.773333
Kalimantan Utara,Perawatan Pribadi dan Jasa Lainnya,Perawatan Pribadi,106.608333
Sulawesi Utara,Perawatan Pribadi dan Jasa Lainnya,Perawatan Pribadi,105.666667
Sulawesi Tengah,Perawatan Pribadi dan Jasa Lainnya,Perawatan Pribadi,104.324167
Sulawesi Selatan,Perawatan Pribadi dan Jasa Lainnya,Perawatan Pribadi,106.320833
Sulawesi Tenggara,Perawatan Pribadi dan Jasa Lainnya,Perawatan Pribadi,104.8425
Gorontalo,Perawatan Pribadi dan Jasa Lainnya,Perawatan Pribadi,106.4175
Sulawesi Barat,Perawatan Pribadi dan Jasa Lainnya,Perawatan Pribadi,109.565833
Maluku,Perawatan Pribadi dan Jasa Lainnya,Perawatan Pribadi,111.631667
Maluku Utara,Perawatan Pribadi dan Jasa Lainnya,Perawatan Pribadi,106.290833
Papua Barat,Perawatan Pribadi dan Jasa Lainnya,Perawatan Pribadi,104.153333
Papua Barat Daya,Perawatan Pribadi dan Jasa Lainnya,Perawatan Pribadi,105.816667
Papua,Perawatan Pribadi dan Jasa Lainnya,Perawatan Pribadi,109.7775
Papua Selatan,Perawatan Pribadi dan Jasa Lainnya,Perawatan Pribadi,109.66
Papua Tengah,Perawatan Pribadi dan Jasa Lainnya,Perawatan Pribadi,110.56
Papua Pegunungan,Perawatan Pribadi dan Jasa Lainnya,Perawatan Pribadi,99.420833
